roc_auc,precision,recall,f1_score
0.5671073717948718,0.3,0.9375,0.45454545454545453
0.5464743589743589,0.29473684210526313,0.875,0.4409448818897637
0.5020032051282052,0.29896907216494845,0.90625,0.44961240310077516
0.6021634615384616,0.3069306930693069,0.96875,0.4661654135338346
0.5747195512820513,0.2897196261682243,0.96875,0.44604316546762585
0.6129807692307693,0.3106796116504854,1.0,0.4740740740740741
0.6035657051282052,0.3076923076923077,1.0,0.47058823529411764
0.5991586538461539,0.31,0.96875,0.46969696969696967
0.515625,0.3069306930693069,0.96875,0.4661654135338346
0.5314503205128205,0.31958762886597936,0.96875,0.48062015503875966
0.5909455128205129,0.2857142857142857,0.9375,0.43795620437956206
0.6121794871794872,0.31313131313131315,0.96875,0.4732824427480916
0.5564903846153846,0.30392156862745096,0.96875,0.462686567164179
0.5500801282051282,0.3125,0.9375,0.46875
0.5903445512820513,0.31313131313131315,0.96875,0.4732824427480916
0.5973557692307693,0.32,1.0,0.48484848484848486
0.6021634615384615,0.3163265306122449,0.96875,0.476923076923077
0.6346153846153846,0.3069306930693069,0.96875,0.4661654135338346
0.5582932692307692,0.2871287128712871,0.90625,0.43609022556390975
0.6009615384615385,0.29,0.90625,0.4393939393939394
0.6294070512820512,0.29,0.90625,0.4393939393939394
0.5306490384615384,0.31313131313131315,0.96875,0.4732824427480916
0.6061698717948718,0.3069306930693069,0.96875,0.4661654135338346
0.6077724358974359,0.3069306930693069,0.96875,0.4661654135338346
0.5889423076923077,0.31,0.96875,0.46969696969696967
0.553485576923077,0.29896907216494845,0.90625,0.44961240310077516
0.5963541666666667,0.3125,0.9375,0.46875
0.571113782051282,0.2872340425531915,0.84375,0.42857142857142866
0.5723157051282052,0.31,0.96875,0.46969696969696967
0.5562900641025641,0.30392156862745096,0.96875,0.462686567164179
0.5657051282051282,0.3069306930693069,0.96875,0.4661654135338346
0.5837339743589743,0.30526315789473685,0.90625,0.4566929133858268
0.5737179487179487,0.29591836734693877,0.90625,0.4461538461538461
0.5462740384615384,0.28865979381443296,0.875,0.434108527131783
0.6051682692307692,0.30392156862745096,0.96875,0.462686567164179
0.5034054487179487,0.27450980392156865,0.875,0.4179104477611941
0.6209935897435898,0.3229166666666667,0.96875,0.48437500000000006
0.6458333333333333,0.31,0.96875,0.46969696969696967
0.5745192307692308,0.3,0.9375,0.45454545454545453
0.5751201923076923,0.32323232323232326,1.0,0.4885496183206107
0.6015625,0.2980769230769231,0.96875,0.4558823529411764
0.5434695512820513,0.3020833333333333,0.90625,0.453125
0.5843349358974359,0.29292929292929293,0.90625,0.44274809160305345
0.5747195512820513,0.3076923076923077,1.0,0.47058823529411764
0.5044070512820513,0.2871287128712871,0.90625,0.43609022556390975
0.59375,0.30303030303030304,0.9375,0.45801526717557256
0.5947516025641025,0.3163265306122449,0.96875,0.476923076923077
0.5506810897435898,0.31,0.96875,0.46969696969696967
0.6161858974358975,0.30927835051546393,0.9375,0.4651162790697675
0.6063701923076923,0.3047619047619048,1.0,0.4671532846715329
0.5907451923076923,0.31683168316831684,1.0,0.48120300751879697
0.6284054487179487,0.31,0.96875,0.46969696969696967
0.5925480769230769,0.3163265306122449,0.96875,0.476923076923077
0.5526842948717949,0.29347826086956524,0.84375,0.435483870967742
0.5068108974358975,0.3,0.84375,0.44262295081967207
0.6141826923076923,0.31683168316831684,1.0,0.48120300751879697
0.5548878205128205,0.31,0.96875,0.46969696969696967
0.5324519230769231,0.3,0.9375,0.45454545454545453
0.5723157051282051,0.31313131313131315,0.96875,0.4732824427480916
0.6181891025641025,0.31958762886597936,0.96875,0.48062015503875966
0.5975560897435898,0.3069306930693069,0.96875,0.4661654135338346
0.5671073717948718,0.29896907216494845,0.90625,0.44961240310077516
0.5751201923076923,0.3125,0.9375,0.46875
0.5753205128205128,0.3125,0.9375,0.46875
0.5486778846153847,0.29292929292929293,0.90625,0.44274809160305345
0.6061698717948718,0.3020833333333333,0.90625,0.453125
0.578926282051282,0.2980769230769231,0.96875,0.4558823529411764
0.6422275641025641,0.3163265306122449,0.96875,0.476923076923077
0.6205929487179488,0.30927835051546393,0.9375,0.4651162790697675
0.5971554487179487,0.31313131313131315,0.96875,0.4732824427480916
0.5580929487179487,0.3163265306122449,0.96875,0.476923076923077
0.616786858974359,0.31,0.96875,0.46969696969696967
0.5989583333333333,0.3069306930693069,0.96875,0.4661654135338346
0.5835336538461539,0.31,0.96875,0.46969696969696967
0.6043669871794872,0.297029702970297,0.9375,0.4511278195488721
0.5036057692307693,0.30303030303030304,0.9375,0.45801526717557256
0.5957532051282051,0.3106796116504854,1.0,0.4740740740740741
0.6205929487179487,0.32323232323232326,1.0,0.4885496183206107
0.5873397435897436,0.31313131313131315,0.96875,0.4732824427480916
0.5771233974358975,0.30392156862745096,0.96875,0.462686567164179
0.5402644230769231,0.30097087378640774,0.96875,0.45925925925925926
0.5891426282051282,0.3191489361702128,0.9375,0.4761904761904763
0.547676282051282,0.31313131313131315,0.96875,0.4732824427480916
0.538261217948718,0.3069306930693069,0.96875,0.4661654135338346
0.5849358974358975,0.3137254901960784,1.0,0.47761194029850745
0.5582932692307693,0.30927835051546393,0.9375,0.4651162790697675
0.5831330128205128,0.3020833333333333,0.90625,0.453125
0.6151842948717948,0.31313131313131315,0.96875,0.4732824427480916
0.6217948717948718,0.29896907216494845,0.90625,0.44961240310077516
0.5240384615384616,0.29213483146067415,0.8125,0.42975206611570244
0.577724358974359,0.3106796116504854,1.0,0.4740740740740741
0.6217948717948717,0.31958762886597936,0.96875,0.48062015503875966
0.5512820512820512,0.29473684210526313,0.875,0.4409448818897637
0.5436698717948718,0.31683168316831684,1.0,0.48120300751879697
0.5428685897435898,0.3229166666666667,0.96875,0.48437500000000006
0.6147836538461537,0.29896907216494845,0.90625,0.44961240310077516
0.563301282051282,0.3263157894736842,0.96875,0.4881889763779527
0.5516826923076923,0.3020833333333333,0.90625,0.453125
0.5689102564102564,0.3191489361702128,0.9375,0.4761904761904763
0.5835336538461539,0.3125,0.9375,0.46875
0.5995592948717949,0.29411764705882354,0.9375,0.44776119402985076
0.5332532051282051,0.31,0.96875,0.46969696969696967
0.6544471153846154,0.31,0.96875,0.46969696969696967
0.577724358974359,0.30392156862745096,0.96875,0.462686567164179
0.5526842948717949,0.30526315789473685,0.90625,0.4566929133858268
0.5550881410256411,0.29292929292929293,0.90625,0.44274809160305345
0.5614983974358974,0.3125,0.9375,0.46875
0.5751201923076923,0.29411764705882354,0.9375,0.44776119402985076
0.555088141025641,0.31313131313131315,0.96875,0.4732824427480916
0.5721153846153847,0.2912621359223301,0.9375,0.4444444444444445
0.6239983974358975,0.3191489361702128,0.9375,0.4761904761904763
0.5106169871794872,0.29411764705882354,0.9375,0.44776119402985076
0.5572916666666667,0.30612244897959184,0.9375,0.46153846153846156
0.5865384615384615,0.3191489361702128,0.9375,0.4761904761904763
0.6518429487179487,0.30303030303030304,0.9375,0.45801526717557256
0.5657051282051283,0.30392156862745096,0.96875,0.462686567164179
0.5891426282051282,0.3163265306122449,0.96875,0.476923076923077
0.5707131410256411,0.29591836734693877,0.90625,0.4461538461538461
0.6394230769230769,0.31683168316831684,1.0,0.48120300751879697
0.5777243589743589,0.29473684210526313,0.875,0.4409448818897637
0.5779246794871794,0.3069306930693069,0.96875,0.4661654135338346
0.532051282051282,0.2736842105263158,0.8125,0.40944881889763785
0.5532852564102564,0.30927835051546393,0.9375,0.4651162790697675
0.6268028846153847,0.30392156862745096,0.96875,0.462686567164179
0.6440304487179487,0.31683168316831684,1.0,0.48120300751879697
0.5594951923076924,0.31,0.96875,0.46969696969696967
0.5729166666666666,0.3125,0.9375,0.46875
0.6083733974358975,0.29473684210526313,0.875,0.4409448818897637
0.6167868589743589,0.30927835051546393,0.9375,0.4651162790697675
0.569110576923077,0.2857142857142857,0.8125,0.42276422764227645
0.5749198717948717,0.29896907216494845,0.90625,0.44961240310077516
0.5082131410256411,0.28865979381443296,0.875,0.434108527131783
0.5953525641025641,0.31683168316831684,1.0,0.48120300751879697
0.5669070512820512,0.3118279569892473,0.90625,0.464
0.5943509615384615,0.29292929292929293,0.90625,0.44274809160305345
0.5729166666666666,0.2708333333333333,0.8125,0.40625
0.5833333333333334,0.3157894736842105,0.9375,0.4724409448818897
0.5078125,0.2916666666666667,0.875,0.43750000000000006
0.5352564102564104,0.29473684210526313,0.875,0.4409448818897637
0.6185897435897436,0.31313131313131315,0.96875,0.4732824427480916
0.6035657051282052,0.30612244897959184,0.9375,0.46153846153846156
0.5697115384615384,0.30612244897959184,0.9375,0.46153846153846156
0.6063701923076923,0.3069306930693069,0.96875,0.4661654135338346
0.49499198717948717,0.30851063829787234,0.90625,0.46031746031746035
0.5214342948717948,0.3191489361702128,0.9375,0.4761904761904763
0.5721153846153846,0.3163265306122449,0.96875,0.476923076923077
0.569110576923077,0.30927835051546393,0.9375,0.4651162790697675
0.6256009615384615,0.30392156862745096,0.96875,0.462686567164179
0.5947516025641025,0.3163265306122449,0.96875,0.476923076923077
0.507011217948718,0.3125,0.9375,0.46875
0.5787259615384616,0.3047619047619048,1.0,0.4671532846715329
0.5356570512820513,0.3118279569892473,0.90625,0.464
0.6049679487179487,0.31958762886597936,0.96875,0.48062015503875966
0.625400641025641,0.31,0.96875,0.46969696969696967
0.5478766025641025,0.3020833333333333,0.90625,0.453125
0.524238782051282,0.2980769230769231,0.96875,0.4558823529411764
0.5218349358974359,0.30303030303030304,0.9375,0.45801526717557256
0.6225961538461539,0.3157894736842105,0.9375,0.4724409448818897
0.5831330128205128,0.28431372549019607,0.90625,0.43283582089552236
0.5300480769230769,0.3010752688172043,0.875,0.448
0.6260016025641026,0.31683168316831684,1.0,0.48120300751879697
0.571514423076923,0.3076923076923077,1.0,0.47058823529411764
0.564903846153846,0.31958762886597936,0.96875,0.48062015503875966
0.6017628205128205,0.29896907216494845,0.90625,0.44961240310077516
0.6312099358974359,0.32323232323232326,1.0,0.4885496183206107
0.5705128205128205,0.30097087378640774,0.96875,0.45925925925925926
0.5370592948717948,0.30927835051546393,0.9375,0.4651162790697675
0.531650641025641,0.30612244897959184,0.9375,0.46153846153846156
0.5901442307692307,0.28125,0.84375,0.421875
0.5709134615384615,0.29896907216494845,0.90625,0.44961240310077516
0.5713141025641024,0.3020833333333333,0.90625,0.453125
0.5823317307692308,0.297029702970297,0.9375,0.4511278195488721
0.6185897435897436,0.31313131313131315,0.96875,0.4732824427480916
0.6025641025641025,0.30526315789473685,0.90625,0.4566929133858268
0.5606971153846154,0.3020833333333333,0.90625,0.453125
0.5530849358974359,0.3263157894736842,0.96875,0.4881889763779527
0.641426282051282,0.2980769230769231,0.96875,0.4558823529411764
0.5949519230769231,0.30303030303030304,0.9375,0.45801526717557256
0.5170272435897436,0.3069306930693069,0.96875,0.4661654135338346
0.5979567307692307,0.31313131313131315,0.96875,0.4732824427480916
0.5681089743589743,0.3229166666666667,0.96875,0.48437500000000006
0.5568910256410257,0.32323232323232326,1.0,0.4885496183206107
0.5671073717948718,0.31,0.96875,0.46969696969696967
0.5765224358974359,0.2912621359223301,0.9375,0.4444444444444445
0.625400641025641,0.31,0.96875,0.46969696969696967
0.5677083333333333,0.30303030303030304,0.9375,0.45801526717557256
0.5298477564102565,0.2916666666666667,0.875,0.43750000000000006
0.5184294871794872,0.31,0.96875,0.46969696969696967
0.5765224358974359,0.31958762886597936,0.96875,0.48062015503875966
0.6568509615384616,0.32323232323232326,1.0,0.4885496183206107
0.5166266025641026,0.29473684210526313,0.875,0.4409448818897637
0.5270432692307693,0.2980769230769231,0.96875,0.4558823529411764
0.5731169871794872,0.30303030303030304,0.9375,0.45801526717557256
0.6075721153846154,0.29,0.90625,0.4393939393939394
0.5240384615384616,0.2916666666666667,0.875,0.43750000000000006
0.5761217948717949,0.32,1.0,0.48484848484848486
0.6057692307692308,0.31,0.96875,0.46969696969696967
0.5841346153846154,0.31958762886597936,0.96875,0.48062015503875966
0.5342548076923077,0.29896907216494845,0.90625,0.44961240310077516
0.6386217948717948,0.31,0.96875,0.46969696969696967
0.5610977564102565,0.29292929292929293,0.90625,0.44274809160305345
0.5604967948717949,0.2871287128712871,0.90625,0.43609022556390975
0.569511217948718,0.30927835051546393,0.9375,0.4651162790697675
0.594551282051282,0.32323232323232326,1.0,0.4885496183206107
0.6011618589743589,0.297029702970297,0.9375,0.4511278195488721
0.5861378205128205,0.3163265306122449,0.96875,0.476923076923077
0.5580929487179488,0.31683168316831684,1.0,0.48120300751879697
0.6424278846153846,0.3076923076923077,1.0,0.47058823529411764
0.587139423076923,0.29,0.90625,0.4393939393939394
0.5236378205128205,0.30927835051546393,0.9375,0.4651162790697675
0.6043669871794872,0.32,1.0,0.48484848484848486
0.6077724358974359,0.29591836734693877,0.90625,0.4461538461538461
0.5977564102564102,0.3076923076923077,1.0,0.47058823529411764
0.5911458333333334,0.29411764705882354,0.9375,0.44776119402985076
0.6079727564102564,0.297029702970297,0.9375,0.4511278195488721
0.5184294871794872,0.2828282828282828,0.875,0.4274809160305343
0.5540865384615384,0.3125,0.9375,0.46875
0.6127804487179488,0.32323232323232326,1.0,0.4885496183206107
0.631610576923077,0.30526315789473685,0.90625,0.4566929133858268
0.5861378205128205,0.30097087378640774,0.96875,0.45925925925925926
0.5861378205128205,0.3125,0.9375,0.46875
0.5797275641025641,0.3,0.9375,0.45454545454545453
0.5450721153846154,0.29292929292929293,0.90625,0.44274809160305345
0.6121794871794871,0.3163265306122449,0.96875,0.476923076923077
0.6071714743589743,0.29896907216494845,0.90625,0.44961240310077516
0.5857371794871795,0.30612244897959184,0.9375,0.46153846153846156
0.6031650641025642,0.29473684210526313,0.875,0.4409448818897637
0.6177884615384615,0.31313131313131315,0.96875,0.4732824427480916
0.5925480769230769,0.31958762886597936,0.96875,0.48062015503875966
0.6141826923076923,0.31,0.96875,0.46969696969696967
0.5677083333333333,0.29591836734693877,0.90625,0.4461538461538461
0.601161858974359,0.31,0.96875,0.46969696969696967
0.5590945512820513,0.30392156862745096,0.96875,0.462686567164179
0.5667067307692307,0.29896907216494845,0.90625,0.44961240310077516
0.5675080128205128,0.31958762886597936,0.96875,0.48062015503875966
0.5861378205128205,0.3163265306122449,0.96875,0.476923076923077
0.5723157051282051,0.3047619047619048,1.0,0.4671532846715329
0.5540865384615384,0.27835051546391754,0.84375,0.4186046511627907
0.4951923076923077,0.29292929292929293,0.90625,0.44274809160305345
0.6436298076923077,0.3069306930693069,0.96875,0.4661654135338346
0.5901442307692308,0.3125,0.9375,0.46875
0.5755208333333334,0.3069306930693069,0.96875,0.4661654135338346
0.5719150641025641,0.31,0.96875,0.46969696969696967
0.5689102564102564,0.3020833333333333,0.90625,0.453125
0.6173878205128206,0.3137254901960784,1.0,0.47761194029850745
0.5629006410256411,0.30612244897959184,0.9375,0.46153846153846156
0.6057692307692307,0.30392156862745096,0.96875,0.462686567164179
0.6107772435897436,0.30927835051546393,0.9375,0.4651162790697675
0.5182291666666666,0.2916666666666667,0.875,0.43750000000000006
0.5677083333333333,0.2826086956521739,0.8125,0.41935483870967744
0.5997596153846153,0.3,0.9375,0.45454545454545453
0.602363782051282,0.30927835051546393,0.9375,0.4651162790697675
0.6576522435897436,0.3069306930693069,0.96875,0.4661654135338346
0.6197916666666666,0.3137254901960784,1.0,0.47761194029850745
0.6017628205128205,0.31958762886597936,0.96875,0.48062015503875966
0.6137820512820512,0.31,0.96875,0.46969696969696967
0.6272035256410257,0.31313131313131315,0.96875,0.4732824427480916
0.624198717948718,0.3137254901960784,1.0,0.47761194029850745
0.6049679487179487,0.31958762886597936,0.96875,0.48062015503875966
0.6063701923076923,0.3,0.9375,0.45454545454545453
0.6284054487179487,0.2980769230769231,0.96875,0.4558823529411764
0.5420673076923077,0.30392156862745096,0.96875,0.462686567164179
0.539863782051282,0.3229166666666667,0.96875,0.48437500000000006
0.5937499999999999,0.30097087378640774,0.96875,0.45925925925925926
0.5244391025641026,0.3,0.9375,0.45454545454545453
0.5907451923076923,0.3229166666666667,0.96875,0.48437500000000006
0.546474358974359,0.3047619047619048,1.0,0.4671532846715329
0.5622996794871795,0.30927835051546393,0.9375,0.4651162790697675
0.5348557692307693,0.3020833333333333,0.90625,0.453125
0.5645032051282051,0.30927835051546393,0.9375,0.4651162790697675
0.5731169871794872,0.31683168316831684,1.0,0.48120300751879697
0.6185897435897436,0.30927835051546393,0.9375,0.4651162790697675
0.5392628205128206,0.31,0.96875,0.46969696969696967
0.5510817307692307,0.30526315789473685,0.90625,0.4566929133858268
0.6420272435897436,0.30927835051546393,0.9375,0.4651162790697675
0.6197916666666667,0.30927835051546393,0.9375,0.4651162790697675
0.6143830128205129,0.3069306930693069,0.96875,0.4661654135338346
0.5681089743589743,0.3076923076923077,1.0,0.47058823529411764
0.5582932692307692,0.2871287128712871,0.90625,0.43609022556390975
0.6302083333333334,0.31,0.96875,0.46969696969696967
0.5975560897435898,0.3163265306122449,0.96875,0.476923076923077
0.47936698717948717,0.2828282828282828,0.875,0.4274809160305343
0.5400641025641026,0.30303030303030304,0.9375,0.45801526717557256
0.6338141025641026,0.31313131313131315,0.96875,0.4732824427480916
0.5210336538461539,0.3020833333333333,0.90625,0.453125
0.59375,0.32323232323232326,1.0,0.4885496183206107
0.5955528846153847,0.3125,0.9375,0.46875
0.5871394230769231,0.31683168316831684,1.0,0.48120300751879697
0.6119791666666666,0.30927835051546393,0.9375,0.4651162790697675
0.5486778846153846,0.30927835051546393,0.9375,0.4651162790697675
0.5897435897435898,0.3,0.9375,0.45454545454545453
0.6270032051282051,0.30097087378640774,0.96875,0.45925925925925926
0.5921474358974358,0.30927835051546393,0.9375,0.4651162790697675
0.5689102564102564,0.3157894736842105,0.9375,0.4724409448818897
0.5989583333333333,0.29896907216494845,0.90625,0.44961240310077516
0.5643028846153846,0.30927835051546393,0.9375,0.4651162790697675
0.5568910256410258,0.3191489361702128,0.9375,0.4761904761904763
0.5214342948717949,0.30927835051546393,0.9375,0.4651162790697675
0.5753205128205129,0.31313131313131315,0.96875,0.4732824427480916
0.5276442307692307,0.29591836734693877,0.90625,0.4461538461538461
0.6115785256410257,0.3157894736842105,0.9375,0.4724409448818897
0.562900641025641,0.3157894736842105,0.9375,0.4724409448818897
0.5951522435897436,0.30927835051546393,0.9375,0.4651162790697675
0.6011618589743589,0.31683168316831684,1.0,0.48120300751879697
0.5735176282051282,0.32323232323232326,1.0,0.4885496183206107
0.5673076923076923,0.29896907216494845,0.90625,0.44961240310077516
0.5342548076923077,0.29896907216494845,0.90625,0.44961240310077516
0.6195913461538461,0.3125,0.9375,0.46875
0.5751201923076923,0.31313131313131315,0.96875,0.4732824427480916
0.5649038461538463,0.30392156862745096,0.96875,0.462686567164179
0.6173878205128206,0.3137254901960784,1.0,0.47761194029850745
0.5114182692307692,0.30392156862745096,0.96875,0.462686567164179
0.59375,0.31313131313131315,0.96875,0.4732824427480916
0.5528846153846154,0.28865979381443296,0.875,0.434108527131783
0.5498798076923077,0.31683168316831684,1.0,0.48120300751879697
0.49939903846153844,0.30526315789473685,0.90625,0.4566929133858268
0.5843349358974359,0.3069306930693069,0.96875,0.4661654135338346
0.5598958333333333,0.2857142857142857,0.875,0.4307692307692308
0.6346153846153846,0.3069306930693069,0.96875,0.4661654135338346
0.5859375,0.3157894736842105,0.9375,0.4724409448818897
0.5775240384615384,0.29591836734693877,0.90625,0.4461538461538461
0.6071714743589743,0.31,0.96875,0.46969696969696967
0.5260416666666666,0.2978723404255319,0.875,0.44444444444444436
0.5989583333333334,0.32,1.0,0.48484848484848486
0.5627003205128205,0.30612244897959184,0.9375,0.46153846153846156
0.600761217948718,0.3047619047619048,1.0,0.4671532846715329
0.6029647435897436,0.3069306930693069,0.96875,0.4661654135338346
0.6071714743589743,0.3137254901960784,1.0,0.47761194029850745
0.6235977564102564,0.31,0.96875,0.46969696969696967
0.5240384615384616,0.30927835051546393,0.9375,0.4651162790697675
0.4783653846153847,0.3146067415730337,0.875,0.46280991735537197
0.6209935897435898,0.3163265306122449,0.96875,0.476923076923077
0.6306089743589743,0.32,1.0,0.48484848484848486
0.5510817307692307,0.31313131313131315,0.96875,0.4732824427480916
0.6211939102564102,0.3163265306122449,0.96875,0.476923076923077
0.5931490384615384,0.30097087378640774,0.96875,0.45925925925925926
0.5763221153846154,0.3069306930693069,0.96875,0.4661654135338346
0.5516826923076923,0.31,0.96875,0.46969696969696967
0.561698717948718,0.30851063829787234,0.90625,0.46031746031746035
0.5530849358974359,0.3118279569892473,0.90625,0.464
0.6342147435897436,0.3069306930693069,0.96875,0.4661654135338346
0.5546875,0.32978723404255317,0.96875,0.492063492063492
0.6075721153846154,0.31958762886597936,0.96875,0.48062015503875966
0.5895432692307693,0.2978723404255319,0.875,0.44444444444444436
0.6039663461538461,0.30303030303030304,0.9375,0.45801526717557256
0.49419070512820507,0.30392156862745096,0.96875,0.462686567164179
0.5622996794871795,0.2871287128712871,0.90625,0.43609022556390975
0.553886217948718,0.2815533980582524,0.90625,0.42962962962962964
0.5881410256410257,0.32,1.0,0.48484848484848486
0.5859375000000001,0.3069306930693069,0.96875,0.4661654135338346
0.5572916666666667,0.3020833333333333,0.90625,0.453125
0.5811298076923077,0.30526315789473685,0.90625,0.4566929133858268
0.5925480769230769,0.32323232323232326,1.0,0.4885496183206107
0.6035657051282051,0.31,0.96875,0.46969696969696967
0.5803285256410257,0.3,0.9375,0.45454545454545453
0.6278044871794872,0.31313131313131315,0.96875,0.4732824427480916
0.578926282051282,0.3106796116504854,1.0,0.4740740740740741
0.5803285256410257,0.3137254901960784,1.0,0.47761194029850745
0.5679086538461539,0.3069306930693069,0.96875,0.4661654135338346
0.5444711538461539,0.29473684210526313,0.875,0.4409448818897637
0.5861378205128205,0.31,0.96875,0.46969696969696967
0.6189903846153846,0.30303030303030304,0.9375,0.45801526717557256
0.5725160256410257,0.29896907216494845,0.90625,0.44961240310077516
0.5510817307692308,0.3,0.9375,0.45454545454545453
0.5024038461538461,0.30612244897959184,0.9375,0.46153846153846156
0.5821314102564102,0.28865979381443296,0.875,0.434108527131783
0.570713141025641,0.3125,0.9375,0.46875
0.6073717948717948,0.30097087378640774,0.96875,0.45925925925925926
0.5298477564102564,0.2967032967032967,0.84375,0.43902439024390244
0.5280448717948718,0.29591836734693877,0.90625,0.4461538461538461
0.4879807692307693,0.28421052631578947,0.84375,0.4251968503937008
0.6480368589743588,0.30392156862745096,0.96875,0.462686567164179
0.5723157051282051,0.30097087378640774,0.96875,0.45925925925925926
0.5797275641025642,0.3125,0.9375,0.46875
0.5705128205128205,0.28421052631578947,0.84375,0.4251968503937008
0.563301282051282,0.30526315789473685,0.90625,0.4566929133858268
0.578525641025641,0.29292929292929293,0.90625,0.44274809160305345
0.5743189102564102,0.3163265306122449,0.96875,0.476923076923077
0.6408253205128205,0.3076923076923077,1.0,0.47058823529411764
0.6159855769230769,0.31,0.96875,0.46969696969696967
0.6239983974358975,0.31958762886597936,0.96875,0.48062015503875966
0.6053685897435898,0.3106796116504854,1.0,0.4740740740740741
0.5749198717948718,0.3163265306122449,0.96875,0.476923076923077
0.5598958333333333,0.3076923076923077,1.0,0.47058823529411764
0.6127804487179487,0.31683168316831684,1.0,0.48120300751879697
0.6047676282051282,0.297029702970297,0.9375,0.4511278195488721
0.5472756410256411,0.30303030303030304,0.9375,0.45801526717557256
0.5811298076923077,0.3,0.9375,0.45454545454545453
0.5721153846153846,0.3163265306122449,0.96875,0.476923076923077
0.570713141025641,0.29523809523809524,0.96875,0.4525547445255474
0.6227964743589745,0.3106796116504854,1.0,0.4740740740740741
0.6095753205128205,0.3125,0.9375,0.46875
0.5210336538461539,0.3020833333333333,0.90625,0.453125
0.5629006410256411,0.30612244897959184,0.9375,0.46153846153846156
0.5234375,0.3069306930693069,0.96875,0.4661654135338346
0.625400641025641,0.30612244897959184,0.9375,0.46153846153846156
0.5122195512820512,0.3137254901960784,1.0,0.47761194029850745
0.555488782051282,0.2872340425531915,0.84375,0.42857142857142866
0.5184294871794872,0.2828282828282828,0.875,0.4274809160305343
0.5899439102564102,0.3163265306122449,0.96875,0.476923076923077
0.5969551282051282,0.31,0.96875,0.46969696969696967
0.6310096153846153,0.31313131313131315,0.96875,0.4732824427480916
0.4807692307692308,0.30303030303030304,0.9375,0.45801526717557256
0.5757211538461539,0.297029702970297,0.9375,0.4511278195488721
0.5530849358974359,0.3118279569892473,0.90625,0.464
0.5865384615384616,0.2980769230769231,0.96875,0.4558823529411764
0.5971554487179487,0.31,0.96875,0.46969696969696967
0.5610977564102565,0.31,0.96875,0.46969696969696967
0.5759214743589743,0.30927835051546393,0.9375,0.4651162790697675
0.5629006410256411,0.3069306930693069,0.96875,0.4661654135338346
0.6286057692307692,0.3106796116504854,1.0,0.4740740740740741
0.5751201923076924,0.3229166666666667,0.96875,0.48437500000000006
0.5943509615384615,0.3163265306122449,0.96875,0.476923076923077
0.5993589743589745,0.31,0.96875,0.46969696969696967
0.5843349358974359,0.29591836734693877,0.90625,0.4461538461538461
0.530448717948718,0.29523809523809524,0.96875,0.4525547445255474
0.5823317307692308,0.3163265306122449,0.96875,0.476923076923077
0.5861378205128205,0.30526315789473685,0.90625,0.4566929133858268
0.5905448717948718,0.31,0.96875,0.46969696969696967
0.5987580128205128,0.30612244897959184,0.9375,0.46153846153846156
0.6352163461538463,0.31958762886597936,0.96875,0.48062015503875966
0.5959535256410255,0.31,0.96875,0.46969696969696967
0.5935496794871795,0.30392156862745096,0.96875,0.462686567164179
0.5859375,0.32,1.0,0.48484848484848486
0.5877403846153847,0.3020833333333333,0.90625,0.453125
0.5376602564102564,0.30612244897959184,0.9375,0.46153846153846156
0.5969551282051282,0.30303030303030304,0.9375,0.45801526717557256
0.562900641025641,0.3157894736842105,0.9375,0.4724409448818897
0.6117788461538463,0.31313131313131315,0.96875,0.4732824427480916
0.45853365384615385,0.2978723404255319,0.875,0.44444444444444436
0.5957532051282052,0.30927835051546393,0.9375,0.4651162790697675
0.6310096153846154,0.30097087378640774,0.96875,0.45925925925925926
0.6073717948717949,0.3163265306122449,0.96875,0.476923076923077
0.4785657051282051,0.2980769230769231,0.96875,0.4558823529411764
0.6524439102564102,0.30097087378640774,0.96875,0.45925925925925926
0.5717147435897436,0.30851063829787234,0.90625,0.46031746031746035
0.5180288461538461,0.3069306930693069,0.96875,0.4661654135338346
0.6045673076923077,0.32653061224489793,1.0,0.4923076923076923
0.5861378205128206,0.31313131313131315,0.96875,0.4732824427480916
0.5689102564102564,0.31313131313131315,0.96875,0.4732824427480916
0.5821314102564104,0.31683168316831684,1.0,0.48120300751879697
0.5158253205128205,0.29591836734693877,0.90625,0.4461538461538461
0.5625,0.30927835051546393,0.9375,0.4651162790697675
0.6051682692307692,0.3,0.9375,0.45454545454545453
0.6280048076923077,0.32,1.0,0.48484848484848486
0.5933493589743589,0.3106796116504854,1.0,0.4740740740740741
0.492588141025641,0.26804123711340205,0.8125,0.4031007751937985
0.49779647435897445,0.3125,0.9375,0.46875
0.5927483974358975,0.3020833333333333,0.90625,0.453125
0.5985576923076923,0.3069306930693069,0.96875,0.4661654135338346
0.6346153846153847,0.3229166666666667,0.96875,0.48437500000000006
0.5639022435897435,0.28431372549019607,0.90625,0.43283582089552236
0.5154246794871795,0.28431372549019607,0.90625,0.43283582089552236
0.5921474358974359,0.31683168316831684,1.0,0.48120300751879697
0.5917467948717948,0.30612244897959184,0.9375,0.46153846153846156
0.5012019230769231,0.2815533980582524,0.90625,0.42962962962962964
0.5719150641025641,0.32,1.0,0.48484848484848486
0.5677083333333333,0.3163265306122449,0.96875,0.476923076923077
0.6422275641025641,0.30097087378640774,0.96875,0.45925925925925926
0.5202323717948718,0.2980769230769231,0.96875,0.4558823529411764
0.5566907051282052,0.2916666666666667,0.875,0.43750000000000006
0.4775641025641026,0.30303030303030304,0.9375,0.45801526717557256
0.5442708333333334,0.28431372549019607,0.90625,0.43283582089552236
0.4915865384615385,0.29523809523809524,0.96875,0.4525547445255474
0.5805288461538463,0.31313131313131315,0.96875,0.4732824427480916
0.578525641025641,0.29473684210526313,0.875,0.4409448818897637
0.5965544871794871,0.32,1.0,0.48484848484848486
0.5622996794871795,0.297029702970297,0.9375,0.4511278195488721
0.5174278846153846,0.31958762886597936,0.96875,0.48062015503875966
0.6254006410256411,0.3069306930693069,0.96875,0.4661654135338346
0.5620993589743589,0.297029702970297,0.9375,0.4511278195488721
0.5442708333333333,0.3020833333333333,0.90625,0.453125
0.5873397435897436,0.29591836734693877,0.90625,0.4461538461538461
0.5721153846153845,0.31313131313131315,0.96875,0.4732824427480916
0.5853365384615384,0.31313131313131315,0.96875,0.4732824427480916
0.6007612179487178,0.31313131313131315,0.96875,0.4732824427480916
0.6161858974358976,0.31,0.96875,0.46969696969696967
0.585136217948718,0.31,0.96875,0.46969696969696967
0.5817307692307693,0.2815533980582524,0.90625,0.42962962962962964
0.5558894230769231,0.29896907216494845,0.90625,0.44961240310077516
0.5294471153846153,0.29591836734693877,0.90625,0.4461538461538461
0.6033653846153846,0.3163265306122449,0.96875,0.476923076923077
0.5584935897435898,0.31313131313131315,0.96875,0.4732824427480916
0.5410657051282052,0.29411764705882354,0.9375,0.44776119402985076
0.5691105769230769,0.28846153846153844,0.9375,0.44117647058823534
0.5785256410256411,0.29591836734693877,0.90625,0.4461538461538461
0.5715144230769231,0.30927835051546393,0.9375,0.4651162790697675
0.5693108974358975,0.29,0.90625,0.4393939393939394
0.5276442307692307,0.30303030303030304,0.9375,0.45801526717557256
0.6380208333333333,0.2980769230769231,0.96875,0.4558823529411764
0.6143830128205128,0.3137254901960784,1.0,0.47761194029850745
0.5592948717948718,0.30392156862745096,0.96875,0.462686567164179
0.5841346153846153,0.30303030303030304,0.9375,0.45801526717557256
0.5629006410256411,0.31313131313131315,0.96875,0.4732824427480916
0.5414663461538463,0.31,0.96875,0.46969696969696967
0.5180288461538461,0.30612244897959184,0.9375,0.46153846153846156
0.641426282051282,0.31958762886597936,0.96875,0.48062015503875966
0.5410657051282051,0.297029702970297,0.9375,0.4511278195488721
0.59375,0.31313131313131315,0.96875,0.4732824427480916
0.546073717948718,0.3,0.9375,0.45454545454545453
0.5763221153846154,0.31313131313131315,0.96875,0.4732824427480916
0.6308092948717948,0.3137254901960784,1.0,0.47761194029850745
0.5250400641025641,0.30337078651685395,0.84375,0.44628099173553715
0.5572916666666667,0.30612244897959184,0.9375,0.46153846153846156
0.5787259615384615,0.3010752688172043,0.875,0.448
0.5863381410256411,0.3069306930693069,0.96875,0.4661654135338346
0.6322115384615384,0.31683168316831684,1.0,0.48120300751879697
0.578525641025641,0.30526315789473685,0.90625,0.4566929133858268
0.5522836538461539,0.3020833333333333,0.90625,0.453125
0.546073717948718,0.28431372549019607,0.90625,0.43283582089552236
0.6075721153846154,0.31,0.96875,0.46969696969696967
0.5276442307692307,0.30303030303030304,0.9375,0.45801526717557256
0.5564903846153846,0.3106796116504854,1.0,0.4740740740740741
0.588341346153846,0.297029702970297,0.9375,0.4511278195488721
0.5979567307692307,0.31313131313131315,0.96875,0.4732824427480916
0.6043669871794872,0.30851063829787234,0.90625,0.46031746031746035
0.524639423076923,0.29292929292929293,0.90625,0.44274809160305345
0.5689102564102564,0.3020833333333333,0.90625,0.453125
0.6572516025641025,0.3,0.9375,0.45454545454545453
0.5853365384615384,0.2912621359223301,0.9375,0.4444444444444445
0.5596955128205128,0.30392156862745096,0.96875,0.462686567164179
0.616386217948718,0.32323232323232326,1.0,0.4885496183206107
0.6147836538461539,0.32,1.0,0.48484848484848486
0.49599358974358976,0.29591836734693877,0.90625,0.4461538461538461
0.5767227564102565,0.30392156862745096,0.96875,0.462686567164179
0.6161858974358975,0.30927835051546393,0.9375,0.4651162790697675
0.6181891025641025,0.3069306930693069,0.96875,0.4661654135338346
0.5438701923076923,0.3263157894736842,0.96875,0.4881889763779527
0.5691105769230769,0.2980769230769231,0.96875,0.4558823529411764
0.5833333333333333,0.31683168316831684,1.0,0.48120300751879697
0.5715144230769231,0.31,0.96875,0.46969696969696967
0.624198717948718,0.297029702970297,0.9375,0.4511278195488721
0.5761217948717948,0.32,1.0,0.48484848484848486
0.6115785256410255,0.30927835051546393,0.9375,0.4651162790697675
0.5574919871794872,0.30392156862745096,0.96875,0.462686567164179
0.5921474358974359,0.3157894736842105,0.9375,0.4724409448818897
0.6083733974358975,0.31,0.96875,0.46969696969696967
0.5098157051282051,0.29347826086956524,0.84375,0.435483870967742
0.5681089743589743,0.3111111111111111,0.875,0.459016393442623
0.5827323717948718,0.3020833333333333,0.90625,0.453125
0.5997596153846153,0.3069306930693069,0.96875,0.4661654135338346
0.547676282051282,0.2727272727272727,0.84375,0.41221374045801523
0.578525641025641,0.30097087378640774,0.96875,0.45925925925925926
0.5793269230769231,0.2912621359223301,0.9375,0.4444444444444445
0.6288060897435898,0.30612244897959184,0.9375,0.46153846153846156
0.5657051282051281,0.30612244897959184,0.9375,0.46153846153846156
0.5494791666666666,0.3,0.9375,0.45454545454545453
0.5438701923076923,0.3125,0.9375,0.46875
0.6474358974358975,0.30927835051546393,0.9375,0.4651162790697675
0.5869391025641025,0.30392156862745096,0.96875,0.462686567164179
0.608573717948718,0.3125,0.9375,0.46875
0.6151842948717948,0.2980769230769231,0.96875,0.4558823529411764
0.6302083333333335,0.30392156862745096,0.96875,0.462686567164179
0.6111778846153847,0.3137254901960784,1.0,0.47761194029850745
0.5504807692307693,0.31313131313131315,0.96875,0.4732824427480916
0.6173878205128206,0.3137254901960784,1.0,0.47761194029850745
0.4885817307692308,0.29896907216494845,0.90625,0.44961240310077516
0.5450721153846153,0.3069306930693069,0.96875,0.4661654135338346
0.5937499999999999,0.30612244897959184,0.9375,0.46153846153846156
0.6394230769230769,0.31683168316831684,1.0,0.48120300751879697
0.5212339743589743,0.29591836734693877,0.90625,0.4461538461538461
0.5456730769230769,0.31,0.96875,0.46969696969696967
0.5641025641025641,0.3069306930693069,0.96875,0.4661654135338346
0.6278044871794871,0.3106796116504854,1.0,0.4740740740740741
0.5298477564102564,0.297029702970297,0.9375,0.4511278195488721
0.5356570512820513,0.3069306930693069,0.96875,0.4661654135338346
0.5564903846153846,0.3106796116504854,1.0,0.4740740740740741
0.5903445512820512,0.297029702970297,0.9375,0.4511278195488721
0.617988782051282,0.30392156862745096,0.96875,0.462686567164179
0.5234375,0.30612244897959184,0.9375,0.46153846153846156
0.5771233974358975,0.29411764705882354,0.9375,0.44776119402985076
0.6185897435897436,0.30392156862745096,0.96875,0.462686567164179
0.49959935897435903,0.30526315789473685,0.90625,0.4566929133858268
0.5560897435897436,0.29896907216494845,0.90625,0.44961240310077516
0.5705128205128206,0.31,0.96875,0.46969696969696967
0.5392628205128205,0.2828282828282828,0.875,0.4274809160305343
0.5486778846153846,0.29411764705882354,0.9375,0.44776119402985076
0.608573717948718,0.3163265306122449,0.96875,0.476923076923077
0.6055689102564102,0.30927835051546393,0.9375,0.4651162790697675
0.5841346153846153,0.31,0.96875,0.46969696969696967
0.569511217948718,0.3137254901960784,1.0,0.47761194029850745
0.5524839743589743,0.3118279569892473,0.90625,0.464
0.5845352564102564,0.3106796116504854,1.0,0.4740740740740741
0.5532852564102564,0.30927835051546393,0.9375,0.4651162790697675
0.569911858974359,0.3,0.9375,0.45454545454545453
0.547676282051282,0.32,1.0,0.48484848484848486
0.5805288461538461,0.30392156862745096,0.96875,0.462686567164179
0.562900641025641,0.3157894736842105,0.9375,0.4724409448818897
0.5997596153846154,0.32323232323232326,1.0,0.4885496183206107
0.5392628205128205,0.29292929292929293,0.90625,0.44274809160305345
0.5671073717948718,0.31958762886597936,0.96875,0.48062015503875966
0.6033653846153846,0.3076923076923077,1.0,0.47058823529411764
0.5973557692307692,0.30097087378640774,0.96875,0.45925925925925926
0.5749198717948718,0.30392156862745096,0.96875,0.462686567164179
0.5238381410256411,0.297029702970297,0.9375,0.4511278195488721
0.6153846153846153,0.3125,0.9375,0.46875
0.5631009615384615,0.29591836734693877,0.90625,0.4461538461538461
0.5953525641025641,0.31313131313131315,0.96875,0.4732824427480916
0.5775240384615384,0.31958762886597936,0.96875,0.48062015503875966
0.6045673076923077,0.30303030303030304,0.9375,0.45801526717557256
0.6278044871794871,0.32323232323232326,1.0,0.4885496183206107
0.5771233974358975,0.30526315789473685,0.90625,0.4566929133858268
0.6342147435897436,0.3069306930693069,0.96875,0.4661654135338346
0.6151842948717949,0.31,0.96875,0.46969696969696967
0.6177884615384616,0.3163265306122449,0.96875,0.476923076923077
0.6256009615384615,0.30392156862745096,0.96875,0.462686567164179
0.5985576923076923,0.3,0.9375,0.45454545454545453
0.6059695512820512,0.30526315789473685,0.90625,0.4566929133858268
0.5721153846153847,0.29523809523809524,0.96875,0.4525547445255474
0.5971554487179488,0.3069306930693069,0.96875,0.4661654135338346
0.5809294871794872,0.3157894736842105,0.9375,0.4724409448818897
0.5206330128205128,0.29,0.90625,0.4393939393939394
0.5540865384615385,0.32,1.0,0.48484848484848486
0.5484775641025641,0.3020833333333333,0.90625,0.453125
0.5188301282051282,0.297029702970297,0.9375,0.4511278195488721
0.6031650641025641,0.31958762886597936,0.96875,0.48062015503875966
0.5486778846153846,0.29411764705882354,0.9375,0.44776119402985076
0.5136217948717949,0.3076923076923077,1.0,0.47058823529411764
0.5546875,0.2912621359223301,0.9375,0.4444444444444445
0.5691105769230769,0.30303030303030304,0.9375,0.45801526717557256
0.5502804487179487,0.30851063829787234,0.90625,0.46031746031746035
0.6029647435897436,0.31683168316831684,1.0,0.48120300751879697
0.5659054487179487,0.29896907216494845,0.90625,0.44961240310077516
0.5677083333333333,0.29591836734693877,0.90625,0.4461538461538461
0.5602964743589743,0.3069306930693069,0.96875,0.4661654135338346
0.5424679487179487,0.3333333333333333,0.96875,0.496
0.6109775641025641,0.31,0.96875,0.46969696969696967
0.5414663461538463,0.31313131313131315,0.96875,0.4732824427480916
0.5504807692307693,0.3157894736842105,0.9375,0.4724409448818897
0.4885817307692307,0.30851063829787234,0.90625,0.46031746031746035
0.6266025641025642,0.3125,0.9375,0.46875
0.5779246794871795,0.31313131313131315,0.96875,0.4732824427480916
0.5562900641025642,0.31313131313131315,0.96875,0.4732824427480916
0.5989583333333334,0.30392156862745096,0.96875,0.462686567164179
0.5653044871794872,0.31,0.96875,0.46969696969696967
0.5667067307692307,0.31958762886597936,0.96875,0.48062015503875966
0.5961538461538463,0.29591836734693877,0.90625,0.4461538461538461
0.5514823717948717,0.3137254901960784,1.0,0.47761194029850745
0.5783253205128205,0.29411764705882354,0.9375,0.44776119402985076
0.5807291666666666,0.28421052631578947,0.84375,0.4251968503937008
0.6157852564102564,0.30526315789473685,0.90625,0.4566929133858268
0.6067708333333334,0.3137254901960784,1.0,0.47761194029850745
0.5719150641025641,0.3,0.9375,0.45454545454545453
0.5739182692307693,0.30927835051546393,0.9375,0.4651162790697675
0.5625,0.30851063829787234,0.90625,0.46031746031746035
0.618790064102564,0.2736842105263158,0.8125,0.40944881889763785
0.5853365384615384,0.2857142857142857,0.875,0.4307692307692308
0.5763221153846154,0.29292929292929293,0.90625,0.44274809160305345
0.578525641025641,0.31313131313131315,0.96875,0.4732824427480916
0.585536858974359,0.3047619047619048,1.0,0.4671532846715329
0.4875801282051282,0.297029702970297,0.9375,0.4511278195488721
0.5871394230769231,0.31958762886597936,0.96875,0.48062015503875966
0.5598958333333333,0.29896907216494845,0.90625,0.44961240310077516
0.5594951923076923,0.3010752688172043,0.875,0.448
0.5779246794871795,0.3020833333333333,0.90625,0.453125
0.6594551282051282,0.31,0.96875,0.46969696969696967
0.607772435897436,0.31313131313131315,0.96875,0.4732824427480916
0.5981570512820513,0.30927835051546393,0.9375,0.4651162790697675
0.5701121794871795,0.3069306930693069,0.96875,0.4661654135338346
0.5639022435897436,0.3069306930693069,0.96875,0.4661654135338346
0.5234375,0.3,0.9375,0.45454545454545453
0.6049679487179487,0.31313131313131315,0.96875,0.4732824427480916
0.5402644230769231,0.29292929292929293,0.90625,0.44274809160305345
0.5162259615384615,0.29347826086956524,0.84375,0.435483870967742
0.5675080128205129,0.30434782608695654,0.875,0.4516129032258065
0.5923477564102564,0.3020833333333333,0.90625,0.453125
0.6021634615384615,0.3047619047619048,1.0,0.4671532846715329
0.5434695512820513,0.30097087378640774,0.96875,0.45925925925925926
0.6266025641025641,0.3163265306122449,0.96875,0.476923076923077
0.6394230769230769,0.31683168316831684,1.0,0.48120300751879697
0.5418669871794871,0.30392156862745096,0.96875,0.462686567164179
0.5677083333333333,0.3163265306122449,0.96875,0.476923076923077
0.5434695512820513,0.30303030303030304,0.9375,0.45801526717557256
0.5691105769230769,0.2980769230769231,0.96875,0.4558823529411764
0.5234375,0.30612244897959184,0.9375,0.46153846153846156
0.5741185897435898,0.29,0.90625,0.4393939393939394
0.5178285256410257,0.29896907216494845,0.90625,0.44961240310077516
0.5993589743589745,0.30303030303030304,0.9375,0.45801526717557256
0.6197916666666667,0.29523809523809524,0.96875,0.4525547445255474
0.5737179487179487,0.29,0.90625,0.4393939393939394
0.5332532051282051,0.28865979381443296,0.875,0.434108527131783
0.5759214743589743,0.29523809523809524,0.96875,0.4525547445255474
0.5697115384615384,0.31958762886597936,0.96875,0.48062015503875966
0.5671073717948718,0.30392156862745096,0.96875,0.462686567164179
0.6115785256410255,0.30927835051546393,0.9375,0.4651162790697675
0.5440705128205129,0.3069306930693069,0.96875,0.4661654135338346
0.5867387820512822,0.31313131313131315,0.96875,0.4732824427480916
0.5508814102564102,0.2916666666666667,0.875,0.43750000000000006
0.5544871794871795,0.3191489361702128,0.9375,0.4761904761904763
0.6282051282051282,0.3069306930693069,0.96875,0.4661654135338346
0.5743189102564102,0.3,0.9375,0.45454545454545453
0.6035657051282051,0.31,0.96875,0.46969696969696967
0.5769230769230769,0.3163265306122449,0.96875,0.476923076923077
0.5831330128205128,0.29591836734693877,0.90625,0.4461538461538461
0.5570913461538461,0.31,0.96875,0.46969696969696967
0.6123798076923078,0.31683168316831684,1.0,0.48120300751879697
0.577323717948718,0.29,0.90625,0.4393939393939394
0.5586939102564102,0.3047619047619048,1.0,0.4671532846715329
0.562900641025641,0.31313131313131315,0.96875,0.4732824427480916
0.632411858974359,0.3263157894736842,0.96875,0.4881889763779527
0.516426282051282,0.3163265306122449,0.96875,0.476923076923077
0.569511217948718,0.2978723404255319,0.875,0.44444444444444436
0.6304086538461539,0.31313131313131315,0.96875,0.4732824427480916
0.5098157051282052,0.3125,0.9375,0.46875
0.5512820512820513,0.3163265306122449,0.96875,0.476923076923077
0.5903445512820513,0.30303030303030304,0.9375,0.45801526717557256
0.4879807692307692,0.297029702970297,0.9375,0.4511278195488721
0.6099759615384617,0.31958762886597936,0.96875,0.48062015503875966
0.5897435897435898,0.31313131313131315,0.96875,0.4732824427480916
0.5859375,0.30927835051546393,0.9375,0.4651162790697675
0.5841346153846154,0.30392156862745096,0.96875,0.462686567164179
0.5745192307692307,0.3069306930693069,0.96875,0.4661654135338346
0.5713141025641025,0.30927835051546393,0.9375,0.4651162790697675
0.6095753205128205,0.3,0.9375,0.45454545454545453
0.5358573717948718,0.30434782608695654,0.875,0.4516129032258065
0.6075721153846154,0.3163265306122449,0.96875,0.476923076923077
0.5580929487179487,0.3,0.9375,0.45454545454545453
0.6083733974358975,0.3137254901960784,1.0,0.47761194029850745
0.5564903846153846,0.30392156862745096,0.96875,0.462686567164179
0.5262419871794871,0.29,0.90625,0.4393939393939394
0.5430689102564102,0.29896907216494845,0.90625,0.44961240310077516
0.5981570512820512,0.30851063829787234,0.90625,0.46031746031746035
0.5374599358974359,0.30612244897959184,0.9375,0.46153846153846156
0.5723157051282052,0.3069306930693069,0.96875,0.4661654135338346
0.5596955128205129,0.31,0.96875,0.46969696969696967
0.5178285256410255,0.2872340425531915,0.84375,0.42857142857142866
0.539863782051282,0.2978723404255319,0.875,0.44444444444444436
0.5562900641025641,0.31958762886597936,0.96875,0.48062015503875966
0.5723157051282052,0.3069306930693069,0.96875,0.4661654135338346
0.5745192307692307,0.32989690721649484,1.0,0.49612403100775193
0.649238782051282,0.3137254901960784,1.0,0.47761194029850745
0.5715144230769231,0.3106796116504854,1.0,0.4740740740740741
0.6051682692307693,0.3137254901960784,1.0,0.47761194029850745
0.47295673076923084,0.30612244897959184,0.9375,0.46153846153846156
0.6065705128205129,0.2857142857142857,0.9375,0.43795620437956206
0.6195913461538461,0.30097087378640774,0.96875,0.45925925925925926
0.5466746794871795,0.29292929292929293,0.90625,0.44274809160305345
0.5731169871794872,0.30851063829787234,0.90625,0.46031746031746035
0.508613782051282,0.3263157894736842,0.96875,0.4881889763779527
0.6039663461538461,0.30303030303030304,0.9375,0.45801526717557256
0.47916666666666674,0.29896907216494845,0.90625,0.44961240310077516
0.5576923076923077,0.3069306930693069,0.96875,0.4661654135338346
0.5458733974358975,0.3020833333333333,0.90625,0.453125
0.5404647435897436,0.30526315789473685,0.90625,0.4566929133858268
0.5821314102564102,0.3069306930693069,0.96875,0.4661654135338346
0.5969551282051282,0.32323232323232326,1.0,0.4885496183206107
0.5981570512820513,0.3163265306122449,0.96875,0.476923076923077
0.5893429487179488,0.2912621359223301,0.9375,0.4444444444444445
0.641426282051282,0.3229166666666667,0.96875,0.48437500000000006
0.5809294871794872,0.31313131313131315,0.96875,0.4732824427480916
0.5905448717948718,0.31,0.96875,0.46969696969696967
0.571113782051282,0.30434782608695654,0.875,0.4516129032258065
0.6233974358974359,0.3157894736842105,0.9375,0.4724409448818897
0.578926282051282,0.30612244897959184,0.9375,0.46153846153846156
0.5458733974358975,0.2978723404255319,0.875,0.44444444444444436
0.5442708333333334,0.2978723404255319,0.875,0.44444444444444436
0.6358173076923076,0.31,0.96875,0.46969696969696967
0.5438701923076922,0.2978723404255319,0.875,0.44444444444444436
0.5598958333333334,0.30097087378640774,0.96875,0.45925925925925926
0.5384615384615384,0.29896907216494845,0.90625,0.44961240310077516
0.5753205128205128,0.31,0.96875,0.46969696969696967
0.5761217948717949,0.2857142857142857,0.875,0.4307692307692308
0.593349358974359,0.30851063829787234,0.90625,0.46031746031746035
0.5723157051282051,0.31683168316831684,1.0,0.48120300751879697
0.4945913461538461,0.2916666666666667,0.875,0.43750000000000006
0.515625,0.30927835051546393,0.9375,0.4651162790697675
0.5088141025641026,0.29,0.90625,0.4393939393939394
0.5536858974358974,0.30927835051546393,0.9375,0.4651162790697675
0.5256410256410257,0.30526315789473685,0.90625,0.4566929133858268
0.5889423076923077,0.3010752688172043,0.875,0.448
0.6049679487179487,0.31313131313131315,0.96875,0.4732824427480916
0.5078125,0.2872340425531915,0.84375,0.42857142857142866
0.5723157051282051,0.30097087378640774,0.96875,0.45925925925925926
0.5693108974358975,0.31,0.96875,0.46969696969696967
0.5963541666666666,0.2857142857142857,0.875,0.4307692307692308
0.6320112179487178,0.30392156862745096,0.96875,0.462686567164179
0.5917467948717949,0.29896907216494845,0.90625,0.44961240310077516
0.6099759615384616,0.31313131313131315,0.96875,0.4732824427480916
0.5182291666666666,0.29,0.90625,0.4393939393939394
0.6075721153846154,0.31958762886597936,0.96875,0.48062015503875966
0.5356570512820512,0.3069306930693069,0.96875,0.4661654135338346
0.5971554487179488,0.3076923076923077,1.0,0.47058823529411764
0.6334134615384616,0.31,0.96875,0.46969696969696967
0.5540865384615385,0.32,1.0,0.48484848484848486
0.5428685897435898,0.3069306930693069,0.96875,0.4661654135338346
0.6141826923076923,0.3069306930693069,0.96875,0.4661654135338346
0.6486378205128205,0.31683168316831684,1.0,0.48120300751879697
0.5576923076923077,0.3069306930693069,0.96875,0.4661654135338346
0.5755208333333334,0.31521739130434784,0.90625,0.467741935483871
0.594951923076923,0.30851063829787234,0.90625,0.46031746031746035
0.547275641025641,0.29,0.90625,0.4393939393939394
0.500400641025641,0.2857142857142857,0.875,0.4307692307692308
0.577724358974359,0.30927835051546393,0.9375,0.4651162790697675
0.5653044871794871,0.30612244897959184,0.9375,0.46153846153846156
0.5797275641025641,0.3069306930693069,0.96875,0.4661654135338346
0.6063701923076923,0.3125,0.9375,0.46875
0.5911458333333334,0.31683168316831684,1.0,0.48120300751879697
0.5837339743589743,0.30392156862745096,0.96875,0.462686567164179
0.5793269230769231,0.28,0.875,0.42424242424242425
0.6025641025641025,0.3069306930693069,0.96875,0.4661654135338346
0.5817307692307693,0.32323232323232326,1.0,0.4885496183206107
0.5322516025641025,0.29411764705882354,0.9375,0.44776119402985076
0.5757211538461539,0.31,0.96875,0.46969696969696967
0.5943509615384615,0.32323232323232326,1.0,0.4885496183206107
0.5426682692307693,0.29292929292929293,0.90625,0.44274809160305345
0.5667067307692308,0.2857142857142857,0.8125,0.42276422764227645
0.586338141025641,0.30927835051546393,0.9375,0.4651162790697675
0.5296474358974359,0.27472527472527475,0.78125,0.40650406504065045
0.5775240384615384,0.31958762886597936,0.96875,0.48062015503875966
0.48497596153846156,0.3020833333333333,0.90625,0.453125
0.6348157051282052,0.32,1.0,0.48484848484848486
0.5332532051282051,0.30612244897959184,0.9375,0.46153846153846156
0.5564903846153846,0.30392156862745096,0.96875,0.462686567164179
0.5524839743589743,0.30097087378640774,0.96875,0.45925925925925926
0.5905448717948718,0.31,0.96875,0.46969696969696967
0.5751201923076923,0.2872340425531915,0.84375,0.42857142857142866
0.5388621794871794,0.29,0.90625,0.4393939393939394
0.5568910256410257,0.31313131313131315,0.96875,0.4732824427480916
0.5845352564102564,0.3106796116504854,1.0,0.4740740740740741
0.5921474358974359,0.3157894736842105,0.9375,0.4724409448818897
0.5885416666666667,0.30927835051546393,0.9375,0.4651162790697675
0.5833333333333333,0.30303030303030304,0.9375,0.45801526717557256
0.5769230769230769,0.30927835051546393,0.9375,0.4651162790697675
0.5212339743589743,0.30927835051546393,0.9375,0.4651162790697675
0.5839342948717949,0.31,0.96875,0.46969696969696967
0.5528846153846153,0.29473684210526313,0.875,0.4409448818897637
0.5741185897435896,0.30927835051546393,0.9375,0.4651162790697675
0.5330528846153847,0.30612244897959184,0.9375,0.46153846153846156
0.6099759615384616,0.31,0.96875,0.46969696969696967
0.5084134615384616,0.30303030303030304,0.9375,0.45801526717557256
0.6496394230769231,0.3106796116504854,1.0,0.4740740740740741
0.5466746794871795,0.3163265306122449,0.96875,0.476923076923077
0.5260416666666667,0.28125,0.84375,0.421875
0.5524839743589745,0.31958762886597936,0.96875,0.48062015503875966
0.594150641025641,0.3,0.9375,0.45454545454545453
0.6213942307692308,0.30927835051546393,0.9375,0.4651162790697675
0.5412660256410257,0.29292929292929293,0.90625,0.44274809160305345
0.6105769230769231,0.29523809523809524,0.96875,0.4525547445255474
0.5843349358974359,0.3047619047619048,1.0,0.4671532846715329
0.5999599358974359,0.31,0.96875,0.46969696969696967
0.5987580128205128,0.31,0.96875,0.46969696969696967
0.5697115384615384,0.31958762886597936,0.96875,0.48062015503875966
0.6211939102564104,0.3018867924528302,1.0,0.463768115942029
0.6213942307692308,0.31683168316831684,1.0,0.48120300751879697
0.5749198717948718,0.3163265306122449,0.96875,0.476923076923077
0.6109775641025641,0.30303030303030304,0.9375,0.45801526717557256
0.6133814102564102,0.30303030303030304,0.9375,0.45801526717557256
0.5759214743589743,0.29523809523809524,0.96875,0.4525547445255474
0.5957532051282052,0.30927835051546393,0.9375,0.4651162790697675
0.5651041666666666,0.3047619047619048,1.0,0.4671532846715329
0.6087740384615385,0.31683168316831684,1.0,0.48120300751879697
0.6049679487179488,0.30612244897959184,0.9375,0.46153846153846156
0.6021634615384615,0.3163265306122449,0.96875,0.476923076923077
0.5901442307692307,0.3163265306122449,0.96875,0.476923076923077
0.6300080128205128,0.29523809523809524,0.96875,0.4525547445255474
0.640224358974359,0.3047619047619048,1.0,0.4671532846715329
0.6077724358974359,0.3137254901960784,1.0,0.47761194029850745
0.5270432692307693,0.32323232323232326,1.0,0.4885496183206107
0.555488782051282,0.3,0.9375,0.45454545454545453
0.5847355769230769,0.31,0.96875,0.46969696969696967
0.5877403846153847,0.30303030303030304,0.9375,0.45801526717557256
0.6432291666666667,0.32653061224489793,1.0,0.4923076923076923
0.5815304487179487,0.29411764705882354,0.9375,0.44776119402985076
0.49338942307692313,0.2872340425531915,0.84375,0.42857142857142866
0.5326522435897436,0.2978723404255319,0.875,0.44444444444444436
0.6145833333333334,0.3263157894736842,0.96875,0.4881889763779527
0.4743589743589744,0.28,0.875,0.42424242424242425
0.5893429487179487,0.30612244897959184,0.9375,0.46153846153846156
0.6131810897435898,0.30303030303030304,0.9375,0.45801526717557256
0.5893429487179488,0.3069306930693069,0.96875,0.4661654135338346
0.6053685897435898,0.3106796116504854,1.0,0.4740740740740741
0.640224358974359,0.32,1.0,0.48484848484848486
0.5446714743589743,0.3157894736842105,0.9375,0.4724409448818897
0.5985576923076923,0.3,0.9375,0.45454545454545453
0.5518830128205128,0.3020833333333333,0.90625,0.453125
0.5368589743589743,0.29896907216494845,0.90625,0.44961240310077516
0.5945512820512822,0.32,1.0,0.48484848484848486
0.5514823717948718,0.30392156862745096,0.96875,0.462686567164179
0.5807291666666666,0.3106796116504854,1.0,0.4740740740740741
0.554286858974359,0.32,1.0,0.48484848484848486
0.5743189102564102,0.3,0.9375,0.45454545454545453
0.5494791666666666,0.27956989247311825,0.8125,0.4159999999999999
0.5807291666666667,0.31313131313131315,0.96875,0.4732824427480916
0.6346153846153847,0.30097087378640774,0.96875,0.45925925925925926
0.6003605769230769,0.30927835051546393,0.9375,0.4651162790697675
0.5725160256410257,0.3106796116504854,1.0,0.4740740740740741
0.639423076923077,0.3047619047619048,1.0,0.4671532846715329
0.5827323717948718,0.30927835051546393,0.9375,0.4651162790697675
0.5657051282051282,0.3163265306122449,0.96875,0.476923076923077
0.6085737179487181,0.31958762886597936,0.96875,0.48062015503875966
0.607772435897436,0.31313131313131315,0.96875,0.4732824427480916
0.5454727564102564,0.3069306930693069,0.96875,0.4661654135338346
0.5951522435897436,0.3163265306122449,0.96875,0.476923076923077
0.5390625000000001,0.297029702970297,0.9375,0.4511278195488721
0.6193910256410257,0.30927835051546393,0.9375,0.4651162790697675
0.59375,0.30303030303030304,0.9375,0.45801526717557256
0.546073717948718,0.30526315789473685,0.90625,0.4566929133858268
0.5701121794871795,0.30927835051546393,0.9375,0.4651162790697675
0.6193910256410257,0.3018867924528302,1.0,0.463768115942029
0.5416666666666667,0.29292929292929293,0.90625,0.44274809160305345
0.5548878205128205,0.3137254901960784,1.0,0.47761194029850745
0.5576923076923077,0.3069306930693069,0.96875,0.4661654135338346
0.6009615384615384,0.3157894736842105,0.9375,0.4724409448818897
0.4763621794871795,0.3010752688172043,0.875,0.448
0.5897435897435898,0.3163265306122449,0.96875,0.476923076923077
0.5498798076923077,0.2978723404255319,0.875,0.44444444444444436
0.5899439102564104,0.32323232323232326,1.0,0.4885496183206107
0.5631009615384615,0.31,0.96875,0.46969696969696967
0.5608974358974359,0.297029702970297,0.9375,0.4511278195488721
0.561298076923077,0.30612244897959184,0.9375,0.46153846153846156
0.5783253205128205,0.31683168316831684,1.0,0.48120300751879697
0.6103766025641025,0.29591836734693877,0.90625,0.4461538461538461
0.5260416666666666,0.29411764705882354,0.9375,0.44776119402985076
0.48677884615384615,0.29,0.90625,0.4393939393939394
0.6181891025641025,0.31958762886597936,0.96875,0.48062015503875966
0.5721153846153847,0.2912621359223301,0.9375,0.4444444444444445
0.5975560897435898,0.3047619047619048,1.0,0.4671532846715329
0.586738782051282,0.3069306930693069,0.96875,0.4661654135338346
0.5919471153846154,0.3106796116504854,1.0,0.4740740740740741
0.5354567307692307,0.2980769230769231,0.96875,0.4558823529411764
0.576923076923077,0.30392156862745096,0.96875,0.462686567164179
0.5971554487179487,0.32323232323232326,1.0,0.4885496183206107
0.5350560897435898,0.29896907216494845,0.90625,0.44961240310077516
0.6298076923076923,0.2980769230769231,0.96875,0.4558823529411764
0.5795272435897436,0.31683168316831684,1.0,0.48120300751879697
0.5374599358974359,0.30612244897959184,0.9375,0.46153846153846156
0.5807291666666666,0.3137254901960784,1.0,0.47761194029850745
0.5288461538461537,0.2826086956521739,0.8125,0.41935483870967744
0.6334134615384615,0.3163265306122449,0.96875,0.476923076923077
0.6454326923076923,0.3069306930693069,0.96875,0.4661654135338346
0.5667067307692307,0.3018867924528302,1.0,0.463768115942029
0.5903445512820512,0.29896907216494845,0.90625,0.44961240310077516
0.5522836538461537,0.2978723404255319,0.875,0.44444444444444436
0.562900641025641,0.31313131313131315,0.96875,0.4732824427480916
0.5791266025641025,0.31,0.96875,0.46969696969696967
0.5679086538461539,0.30927835051546393,0.9375,0.4651162790697675
0.569110576923077,0.29292929292929293,0.90625,0.44274809160305345
0.5625,0.3069306930693069,0.96875,0.4661654135338346
0.5580929487179487,0.3163265306122449,0.96875,0.476923076923077
0.5849358974358974,0.30392156862745096,0.96875,0.462686567164179
0.5530849358974359,0.2980769230769231,0.96875,0.4558823529411764
0.608974358974359,0.31,0.96875,0.46969696969696967
0.5404647435897436,0.3157894736842105,0.9375,0.4724409448818897
0.5520833333333333,0.30392156862745096,0.96875,0.462686567164179
0.5755208333333334,0.29,0.90625,0.4393939393939394
0.5765224358974359,0.29591836734693877,0.90625,0.4461538461538461
0.5582932692307692,0.30927835051546393,0.9375,0.4651162790697675
0.5562900641025641,0.30392156862745096,0.96875,0.462686567164179
0.5995592948717949,0.3125,0.9375,0.46875
0.609775641025641,0.31683168316831684,1.0,0.48120300751879697
0.625400641025641,0.31,0.96875,0.46969696969696967
0.5504807692307693,0.3069306930693069,0.96875,0.4661654135338346
0.6013621794871795,0.3106796116504854,1.0,0.4740740740740741
0.623798076923077,0.31313131313131315,0.96875,0.4732824427480916
0.5372596153846154,0.30303030303030304,0.9375,0.45801526717557256
0.5739182692307692,0.29292929292929293,0.90625,0.44274809160305345
0.5048076923076923,0.2978723404255319,0.875,0.44444444444444436
0.5612980769230769,0.30851063829787234,0.90625,0.46031746031746035
0.6055689102564104,0.3047619047619048,1.0,0.4671532846715329
0.53125,0.29213483146067415,0.8125,0.42975206611570244
0.5631009615384615,0.30303030303030304,0.9375,0.45801526717557256
0.5400641025641025,0.29896907216494845,0.90625,0.44961240310077516
0.5805288461538461,0.30526315789473685,0.90625,0.4566929133858268
0.578125,0.3069306930693069,0.96875,0.4661654135338346
0.4483173076923077,0.29591836734693877,0.90625,0.4461538461538461
0.5663060897435898,0.2912621359223301,0.9375,0.4444444444444445
0.5588942307692307,0.3191489361702128,0.9375,0.4761904761904763
0.6235977564102564,0.32,1.0,0.48484848484848486
0.59375,0.31313131313131315,0.96875,0.4732824427480916
0.630408653846154,0.31,0.96875,0.46969696969696967
0.5627003205128205,0.29292929292929293,0.90625,0.44274809160305345
0.6219951923076923,0.30392156862745096,0.96875,0.462686567164179
0.561698717948718,0.3069306930693069,0.96875,0.4661654135338346
0.567908653846154,0.3163265306122449,0.96875,0.476923076923077
0.6288060897435898,0.3010752688172043,0.875,0.448
0.5957532051282052,0.3069306930693069,0.96875,0.4661654135338346
0.5809294871794872,0.30392156862745096,0.96875,0.462686567164179
0.594150641025641,0.3,0.9375,0.45454545454545453
0.6666666666666666,0.3106796116504854,1.0,0.4740740740740741
0.5522836538461539,0.2916666666666667,0.875,0.43750000000000006
0.626201923076923,0.3020833333333333,0.90625,0.453125
0.5989583333333334,0.30392156862745096,0.96875,0.462686567164179
0.5038060897435898,0.29411764705882354,0.9375,0.44776119402985076
0.5837339743589745,0.2765957446808511,0.8125,0.4126984126984127
0.5853365384615384,0.297029702970297,0.9375,0.4511278195488721
0.5268429487179487,0.2871287128712871,0.90625,0.43609022556390975
0.5492788461538461,0.3018867924528302,1.0,0.463768115942029
0.6215945512820512,0.29411764705882354,0.9375,0.44776119402985076
0.6298076923076923,0.3069306930693069,0.96875,0.4661654135338346
0.6225961538461539,0.3,0.9375,0.45454545454545453
0.6067708333333333,0.3125,0.9375,0.46875
0.563701923076923,0.30392156862745096,0.96875,0.462686567164179
0.6284054487179487,0.31,0.96875,0.46969696969696967
0.6051682692307692,0.3018867924528302,1.0,0.463768115942029
0.5779246794871795,0.3163265306122449,0.96875,0.476923076923077
0.5697115384615384,0.30851063829787234,0.90625,0.46031746031746035
0.5410657051282051,0.3229166666666667,0.96875,0.48437500000000006
0.5853365384615383,0.3106796116504854,1.0,0.4740740740740741
0.6017628205128205,0.31313131313131315,0.96875,0.4732824427480916
0.5709134615384616,0.3069306930693069,0.96875,0.4661654135338346
