longitude,latitude,age,probability
-67.8185050024827,-5.636816873916175,6.0711322505611856,0.00457614
-76.02761648417528,-1.0303142934283045,13.52869527826971,0.004799053
-66.95044733621218,-16.41142871697017,2.354261970699129,0.023735674
-76.14609896687432,-11.13628014627827,3.113743643977304,0.14202613
-79.56635021880884,-17.32444326000753,25.139768054832206,0.018706786
-72.70296751524782,-31.090944966531115,6.185569918646323,0.8978013
-68.42249539478198,-29.229028034776555,4.53827082755923,0.0023043489
-71.11469453484268,-14.377235167729616,11.808198663955736,0.011648513
-66.81374862621519,-1.8718500322838807,15.629178159888802,0.013607049
-66.14404058113033,-1.4177569275435928,23.95003564118409,0.0022868728
-75.59782452175945,-15.449220996454848,3.944139593832622,0.032912668
-68.93450556894808,-37.46331207274048,21.31046433443,0.0060975854
-77.17882533733025,-34.152197608265546,25.33006004869107,0.0008352817
-67.64858853511736,-12.987439128476376,22.505851687646835,0.0011964918
-74.5816051572156,-34.13077781970105,25.45198176342804,0.0008352817
-67.03166773447597,-18.07162346090747,23.58483315607181,0.11687155
-76.00942960859557,-25.80098049713954,8.871767471906583,0.12204337
-70.18072763983233,-1.895575257760029,22.807534547068,0.003992011
-72.6086171424098,-5.513493674568935,7.410134266431773,0.064860865
-74.16123250548125,-25.256559847360343,12.273650456711817,0.14695531
-76.10950919217645,-35.705768035781794,18.871957362174324,0.59380764
-73.54424534424996,-31.06601174054343,18.1866342954563,0.05793461
-76.5781771552316,-12.72924696618573,23.15186729980436,0.001549107
-73.37625428314283,-4.073230852898711,9.917488652680168,0.10570237
-69.57816928915476,-19.46242339938912,8.731722533990986,0.0075905523
-75.55619863454594,-7.146108978656695,17.744945086434683,0.022542791
-75.370876438927,-19.88051073041744,14.677207301348238,0.0022937516
-73.06417128919895,-8.31382678987542,10.92383302982904,0.5486305
-73.71614417559493,-4.20884433473114,18.37356222296719,0.118552096
-68.07359460954207,-23.34754412933372,20.53792317642333,0.04406892
-72.79993288138931,-28.233307525257903,3.2678388918815324,0.0028859342
-71.95555362607746,-11.220700130744795,15.434417557128247,0.016862327
-77.3453709171635,-29.76120390484067,9.272600746873476,0.079011515
-74.10818277217201,-9.998055569852802,0.0206424082002775,0.029773666
-70.9236265992957,-30.37596393775499,24.8511346683594,0.0047296057
-74.50940212805824,-3.881382798187808,14.44010941062428,0.20604314
-74.96306361493305,-33.61782931339992,23.15094695289265,0.0069232187
-73.3005572560659,-34.0543535396339,19.412016179182373,0.0128085045
-73.327222383179,-22.5918208287976,12.431186695129668,0.070032224
-73.22675429902216,-33.625044422662995,13.579235972943586,0.015275287
-74.09503948601795,-22.59139375921704,24.08061987884744,0.23495921
-77.39320127744642,-19.34260802471642,13.252745552910156,0.0028611762
-78.73289850483329,-27.9921973095538,22.371814023606408,0.034483857
-68.79367846013444,-11.49300676985652,23.36969311920467,0.0028916837
-66.70755071060096,-17.49544441270106,10.202687648492248,0.0041741156
-73.99652989188222,-4.382421288067548,6.137156591241965,0.027659869
-68.95250875880836,-27.211819292394097,10.574975857377638,0.29170033
-67.53509401512207,-8.20383948566575,12.494553864704844,0.017953124
-77.44234270923212,-0.6700023049249211,5.981870502698924,0.0038763299
-69.35297635689224,-29.45569795470297,0.6132401270853739,0.9151269
-72.17035564785076,-20.6363561820182,15.88214771451257,0.0066345003
-75.83332674097956,-27.911190932117943,1.586749078679111,0.060359072
-78.20099493892567,-24.456524161303435,4.548716468797807,0.16829649
-75.9191986056286,-0.721233542910781,8.298036726701454,0.0038763299
-68.51306447099374,-33.08527556775208,4.082657787709378,0.98316664
-69.61800654177651,-19.98827132834363,3.9127537502274654,0.038141888
-69.40728154555875,-9.960159337410502,5.749831740245241,0.010157257
-78.90860754080126,-10.801464527228736,2.5852407108827595,0.53430265
-76.1745771279565,-32.276137856199604,11.503764087851412,0.11471933
-72.14147965554518,-33.63290548927012,3.5535534062756424,0.8792391
-73.96926607912772,-8.368449920318671,1.883834681141341,0.0034595956
-76.69154360752492,-30.70249721363065,20.54023943839644,0.17721495
-70.82644453710738,-7.860000481555353,9.866216415042256,0.021758517
-66.87897205480952,-1.3987446020138847,6.532893967868031,0.0038763299
-77.4223356339268,-15.454264366848168,8.912700810992895,0.0014596871
-74.50576150641152,-16.35394748598101,8.922908540643926,0.0045461375
-74.60820644310576,-2.498662203973197,22.46267460069872,0.0040917736
-77.2240176207688,-4.059780024356385,6.095993692977888,0.027659869
-67.1009916277699,-32.94456668719303,6.629660255993735,0.651996
-77.36167470954913,-18.04177686600077,8.717613147381778,0.005412503
-70.2297659024056,-7.1422792164342255,25.314063244883634,0.33380416
-79.23645811834666,-21.102664257336897,6.57273333535377,0.002600871
-71.15339916187399,-37.56294768828559,18.80240945906868,0.5977642
-67.76373924735927,-23.802257279466403,14.647855700667188,0.021158004
-74.88364735339148,-26.14225231608837,21.022318516614657,0.07007089
-79.15336167308779,-32.1204278788761,13.281732173117446,0.22624232
-79.42759921040712,-21.387003639735337,14.379408907890992,0.0021677497
-70.48966999625088,-10.728630965547708,9.199308256658863,0.0024922607
-75.81764193470585,-23.345679592878028,22.93333837964965,0.23495921
-78.9024663053124,-17.04388967039861,3.322744033173924,0.0074764863
-68.09894716098039,-3.5399600519436234,23.275077580423776,0.098332465
-74.48107160457936,-4.8274185779688,5.089658098449598,0.029596338
-72.24100263079028,-37.65740792796191,23.90310478664924,0.016007299
-78.68815640406072,-26.87403852738004,10.182014183773498,0.10944227
-76.27647360658395,-18.84267928049221,7.707265643011262,0.0011964918
-71.10726535203516,-8.454436815187531,23.46052652819911,0.004289941
-75.66142306916059,-25.926816774563964,18.36004298692135,0.3524527
-67.22605315542089,-8.47748006419047,25.54615307166622,0.0011964918
-76.55728609157633,-15.877666602349269,21.61684921501445,0.0036867089
-76.60542005148623,-14.818402373546228,4.365364563966548,0.029825162
-77.90368734497393,-1.8478636271338829,0.9277738493483808,0.00457614
-79.52884126487756,-15.989392400868546,24.08900431648968,0.007972465
-74.23670996909728,-8.039243422887996,9.57075301574089,0.7614432
-72.85878401301795,-8.901430602188263,1.2629061857370767,0.0029703844
-76.82734497657219,-35.41672143924201,0.0866162008356847,0.8573511
-66.95564275055753,-16.420520271285884,17.178782010545536,0.3171418
-74.91023138115717,-10.783228153012566,26.78951008572745,0.0033659728
-68.08035408554095,-26.12928970129149,14.162388994342711,0.004086977
-74.11120113644773,-21.569376718940763,13.33991329247702,0.021158004
-67.00046982973704,-32.27433474700507,13.163369313294492,0.0771695
-73.59104369921288,-35.28904493953836,8.686304659171698,0.0024922607
-66.42947982345666,-25.58432967112116,4.15233836622758,0.8286099
-69.60248403520225,-28.075410118970733,26.337584966044343,0.12486083
-72.54743929255167,-3.588723243768534,4.686160169054641,0.029596338
-66.45927965406025,-10.6093220037369,7.093012087672096,0.014436098
-74.70739617352945,-8.083957080538237,8.036827306170192,0.0045424597
-71.16967852774326,-30.15334666516248,7.64024258964265,0.065408
-66.34643553041587,-31.07827378613886,21.67266538272217,0.0050778203
-66.37184220257552,-5.6324917832042445,2.5141777948482726,0.0038763299
-75.39107075385634,-27.81654361814109,8.712847831666993,0.32903212
-68.9754385639925,-0.2146515177942589,7.134352249690651,0.0038763299
-72.38170467640556,-9.582339601442452,9.509239074251402,0.0021983206
-71.83514639835931,-37.69549909394163,19.97406303026702,0.29195622
-68.57885223702961,-21.120691836257407,0.5652256831360766,0.39041674
-66.78373338918851,-36.051162520999085,13.837976937107827,0.013240292
-73.77606724928822,-17.85074239410752,9.565775503273,0.002600871
-67.97963212037035,-35.38953516741623,22.89911793994056,0.002437428
-70.15993301993392,-10.963460300023822,15.622868071833343,0.016364949
-75.10042951645043,-5.953768924907351,5.244835050421945,0.027659869
-72.5079524930172,-8.932588502037788,11.683943484591971,0.53083944
-72.57857725313707,-11.395367623111133,25.92812783726599,0.001549107
-70.99839592735665,-15.59216653449663,5.084147141833952,0.0024922607
-72.83224539114438,-28.248965782997274,20.12331273547656,0.07708067
-78.02310631961349,-22.25780874428408,5.419565688361818,0.016973404
-77.71620262419543,-22.86267683136332,21.2791326569922,0.18227823
-77.76383990134511,-34.28759055753399,6.3074943938612,0.97107637
-73.00725059435386,-0.5159959788202997,15.342338231973343,0.0051663145
-70.13292367745974,-1.416995630503898,7.117505393412449,0.0038763299
-77.83917307482118,-9.436163584364309,13.499000086962084,0.34045798
-69.14486100781288,-36.49498946346993,26.465209560899645,0.008176846
-75.15209288259604,-14.41374214879104,26.085797730473303,0.09922891
-70.49714178020821,-7.540546652132523,26.94318652855578,0.0034542915
-66.04213904502234,-13.87652475393827,15.90972618676648,0.006439112
-71.08880418758494,-34.80916945662275,10.271729230715556,0.0024922607
-71.84238922768772,-8.014854338748691,19.65473981125898,0.014025923
-76.23594894886507,-8.855183851375799,10.540815733267417,0.8754636
-69.39736475995932,-8.220863211215,3.666976552758048,0.0038763299
-78.87075477913274,-29.11134891288512,9.30816586548897,0.54425395
-76.95646096030072,-25.891583325992915,7.795795552130917,0.11561449
-71.44128383869152,-31.150598966572645,4.891004837901189,0.92769337
-79.4525474972375,-23.480481630322963,9.421619959383715,0.01670359
-74.07795457846883,-9.640824842098166,23.180998773386925,0.0033659728
-70.62097787294289,-33.60863457694762,8.506773735586641,0.41247678
-65.92273047119731,-34.28911960357284,20.159662882597644,0.0056819078
-73.29721084618457,-34.470170817343664,11.317230700716369,0.5937098
-71.46356888511616,-33.01384989914998,20.216280356034208,0.18470575
-72.05934326380965,-1.6755870884549608,9.093958535793186,0.0038763299
-67.26355368235492,-34.6825180243361,10.731831763277372,0.4660114
-68.41887297619046,-37.29811149275847,10.76520535996298,0.010923873
-75.11210700989169,-18.97895079641698,9.618564890603624,0.002600871
-73.4370661339547,-16.676988037115002,23.094480177535345,0.0036867089
-70.90448421130407,-34.85534334164908,0.4632847466920549,0.9055965
-73.82878124771544,-6.212979327336175,25.289308285308124,0.43796733
-67.64496053647136,-5.461256478234461,8.411160005530064,0.00457614
-74.3915630455458,-13.549133227499766,11.897372182491962,0.0070817713
-65.89260978684942,-35.84281677132938,8.366396593726275,0.031011574
-66.6969075107424,-24.971459179219508,16.418718818394385,0.0026014438
-78.39979656705245,-35.372699161239886,19.860621752038234,0.4017906
-78.19042497802265,-11.666804494954974,23.02008535625296,0.0023274636
-69.5686965007584,-15.497173229810649,0.2634654782021493,0.09299231
-71.52216584809447,-35.53821668863315,11.108216835232792,0.0024922607
-72.2583166664551,-22.91831473847068,8.232438886712348,0.035384633
-66.88689738317264,-8.16313546338607,25.34027354359981,0.0024299175
-76.2482425918643,-29.414518479761668,26.867008079188235,0.019621257
-78.2802911469485,-37.53317956796885,15.64962023871404,0.57248384
-78.32783331157665,-24.10255014541381,25.45052245578473,0.23495921
-73.5814827535897,-33.79342462799059,5.426321341373334,0.9389467
-69.6971274874939,-12.40417459364184,9.040743549684327,0.062292684
-72.03753091992479,-16.83570328002481,16.856781485379067,0.0023540033
-76.65836575199137,-13.188135757620223,1.3795244237648112,0.995823
-79.21621109634172,-22.787113419177214,10.47405205105134,0.09922891
-79.2302647096649,-8.368701723637557,17.40747136967605,0.040831372
-74.04871676163155,-22.002619951603844,7.131954775184753,0.042048424
-68.90027181785983,-17.784863521570355,3.1041693647336257,0.03497299
-71.00559067485422,-20.079168060678235,2.5343962511679896,0.005624643
-69.44623525499112,-29.83506799289353,11.89406694092395,0.0049929186
-73.58744218884877,-9.855911078505043,19.75771446827567,0.016217716
-70.66339521090963,-17.382071653783992,16.787560460154047,0.006439112
-77.11207365544249,-22.05023002528013,23.146071375429337,0.19656704
-68.30523317838203,-21.73893842274089,19.57861885109213,0.06141016
-73.61844238537229,-27.045679817242387,9.797763361324437,0.16014193
-69.33269878650094,-0.1238819870116074,25.140915320704643,0.0014535472
-72.4892599170487,-23.55329682210489,5.509151324247682,0.07751778
-74.50719754485144,-7.081048251993387,2.730439019245849,0.076854184
-71.67399291466394,-11.258050298376189,2.6827438560435146,0.009782139
-74.27964134599958,-31.858748843296908,3.4561961702170527,0.97970897
-72.12801735606973,-9.850334173241698,11.097733862640265,0.0021258541
-77.66292468358249,-18.46778159367735,1.6395492458829175,0.0019274666
-66.5837131021365,-35.486323682483075,14.588127157606008,0.008230028
-66.39073571976408,-20.80013236618234,25.05380008253391,0.1256066
-67.04364403713105,-30.03739648107208,3.316359438188685,0.9389467
-73.95411219563812,-27.22939793304153,23.18461713106308,0.018412706
-66.15614428791983,-30.96830625840284,8.641082041817867,0.16565749
-74.91584882019967,-24.042684878596457,5.770853246232418,0.07751778
-67.84441887268994,-33.06347239731913,2.9427404684257112,0.97552425
-77.33369017886464,-27.245002327603057,9.90986758317982,0.005069961
-75.09545774931168,-30.690848975163743,9.611170805655911,0.027391804
-75.20856192768281,-30.6637974480348,17.140504392003205,0.343159
-76.1473990661581,-6.037161754761659,17.31575000925224,0.8831146
-71.22192304823052,-16.30141397757821,24.90044237841594,0.0036867089
-71.49027421691737,-25.041622755370984,25.261193708034018,0.13795088
-66.30261246149333,-12.248274930343772,1.83636828253798,0.033777893
-67.63254016041317,-34.550310374269266,14.377267441080212,0.015275287
-73.68057039361202,-29.39523613251799,5.373484355572736,0.019859508
-71.21924035751633,-36.264881971766336,17.708413634400415,0.013240292
-79.24484917000953,-5.928789074714679,11.16132525725186,0.07350524
-70.55920472367247,-23.326285639397007,23.65552207967778,0.23495921
-69.60921133858409,-35.0097651350329,20.797619594535146,0.002985662
-77.93639736277184,-20.7397971731809,24.91897413288272,0.0036867089
-70.12006083511658,-26.815090474195983,1.8384373716279687,0.34563288
-70.40227241041718,-10.007940925507324,23.458740263304488,0.0033659728
-73.88222310239146,-23.404180744416863,4.390443835205735,0.17586532
-74.34952238641642,-22.86628196393695,18.720721350744267,0.06141016
-70.91893882290606,-26.79576267512004,0.6369703013680078,0.7344431
-72.64374359332011,-7.355973067032711,21.84005931134534,0.0059715975
-76.75409347973469,-3.467172684519589,5.282218437525612,0.029596338
-66.6567429316584,-9.52463956625548,24.677129517403383,0.001549107
-71.30989579637775,-29.06571023246974,19.41622548695369,0.055337615
-77.62394477916015,-11.597830417271895,8.863988034326947,0.11908952
-72.72799696530406,-13.78938102692043,5.567787058505363,0.005985222
-78.05576796296309,-6.154196616279076,11.85035220638836,0.7496106
-71.26463689739076,-22.300461431775062,17.571765910813852,0.021158004
-78.95992635745118,-17.86792251151145,15.879790635558086,0.0038510389
-69.31403165276566,-27.60279557276261,24.30526979543613,0.24044016
-68.31701620480543,-33.94876505351207,15.342715895576797,0.009502386
-68.74913088704972,-7.590289086810177,8.793563257028508,0.0038763299
-78.0098341016191,-7.262694869273009,19.488865725112387,0.040620115
-66.62865358195158,-35.897336546945795,0.7559664655287368,0.920213
-77.38127165240404,-34.67547872504407,0.7542498761268794,0.9055965
-76.03663243918903,-9.029017959669408,26.075186407661,0.0951901
-67.49403625482184,-30.311465990102427,16.73904166016389,0.42613482
-77.89632305752508,-6.13867970370228,9.84025620081637,0.32883024
-73.39788326301209,-14.559983370431675,4.236787787035409,0.9800868
-68.37180255812983,-16.669182096869303,5.768314247253533,0.0015650243
-72.6612020396886,-3.867810957482377,14.55294057025419,0.09729422
-72.00919830186525,-37.56786036609704,16.18817002256137,0.0073996717
-72.76106757650719,-13.847210930179692,24.51970600430489,0.09922891
-79.18865962714192,-13.39918154266496,0.8570011921803293,0.8694358
-70.27068611603343,-0.5985162042544019,0.8468063397702358,0.0038763299
-74.2042245445381,-8.020329251879392,4.327709932736425,0.06817139
-69.68992823727203,-18.458736039101154,21.730625680232503,0.0063296957
-70.28589833211868,-33.150575601166445,19.48280431540324,0.014778137
-73.86404537378293,-26.466923304672143,10.40787268097162,0.11753961
-66.78436754630059,-9.05645411555984,14.06186149625306,0.00263237
-75.28512748438901,-35.19365660737218,11.967421115806614,0.0030873474
-71.04073927415769,-8.81884388535057,13.958949024027284,0.0022409821
-73.86092385495685,-10.874805580204484,18.286328940995425,0.0011224401
-70.71184091487117,-27.80924459774797,18.6441791135618,0.65086466
-79.3971013261581,-16.738167992336123,18.171042271723422,0.0028916837
-70.66135539276534,-33.62574958945285,0.587836287179575,0.9055965
-76.40084195805248,-36.39783322440511,17.415432576149293,0.34970212
-73.60266706354538,-20.08333537842344,18.07676007655529,0.033352226
-77.78755204698815,-6.313539847948817,9.830357594765347,0.22127858
-78.35674036288579,-29.26121813380202,21.181888535733734,0.0053234166
-68.02742530860775,-26.936650552794774,12.541304211573204,0.056625344
-75.62551053380906,-4.024556293030912,26.22310399030053,0.95568484
-75.18902378040026,-22.705377427123864,1.5440005323811603,0.48717004
-72.31292415443548,-28.539782373850343,19.769299677869856,0.44821584
-70.03235273046015,-30.94390735428601,17.158034914366024,0.42613482
-74.48766752379387,-13.64139947901382,18.90211884513531,0.0026691686
-72.59596039390722,-2.355063457799268,14.888422432429165,0.0046235323
-70.18003463799843,-10.717389824550285,22.14312402548472,0.0026691686
-78.02674270196555,-30.891867535755303,23.65033882986877,0.0012397498
-75.66246006065019,-13.925490171229711,6.071231785773381,0.005985222
-73.18372224569497,-0.2204945014431558,8.9421023516651,0.0038763299
-74.8456350921835,-29.97370665424833,19.29952017958585,0.22107886
-72.93275344309323,-23.434669970485047,14.074603571541015,0.0075924383
-73.82471098901705,-16.807026809051884,2.4370977906404656,0.0024922607
-78.48597428014037,-4.940040607966985,22.63879833557956,0.06192722
-77.44937247147467,-4.8410843194770194,23.69704317099683,0.80862784
-70.11390904033729,-1.2660185489697184,15.14066695396621,0.0046235323
-75.13589332175634,-35.057452817288286,5.966143598985561,0.025019309
-70.1726608668118,-12.86905264297224,3.638374474617213,0.933087
-76.58382307680588,-17.481997246396908,20.52282057109012,0.09922891
-66.08679124013348,-34.9153910550282,14.140152912549947,0.015275287
-71.97578877065088,-18.523272874615994,14.925180975534085,0.006439112
-68.38521571076754,-1.1190681961733162,19.27239870854478,0.7063805
-69.65283868668244,-12.921444506912811,26.994672381349496,0.0011964918
-68.52458435819463,-12.07887522975929,1.066285114302277,0.038146242
-78.58199981273938,-23.97344737838095,16.102791369317483,0.049820222
-76.15818382434597,-37.463491748340445,3.982183028589117,0.21546319
-66.83469365950542,-25.76469809522895,15.165088819675823,0.0020548257
-78.3811342074035,-22.41461872911475,21.44094831952055,0.0037420131
-78.08830450305683,-10.63185527081053,0.7001003639617359,0.026193267
-78.98582177630048,-31.839082997005228,17.041915884134372,0.05793461
-78.74501412478287,-20.718602225818564,13.383337678946996,0.0014427279
-65.9487978527167,-9.944313988473423,26.4557013258358,0.0011964918
-77.93346923678038,-35.27948626217426,5.8937351964595805,0.03761395
-66.2895669286669,-12.13583197066723,18.42318447600888,0.0039979173
-70.83584298289166,-8.408253681060142,11.557743693573013,0.013799342
-76.27308462814675,-15.940975154676671,21.70374224900632,0.0036867089
-77.6820632961915,-16.364398392086528,20.88646597302029,0.0036867089
-78.20028665819278,-16.045747660021785,26.33658007294564,0.00476971
-66.74750028437268,-1.6088916632126526,20.09861679509481,0.0061097723
-70.42878012696158,-27.156897071446306,17.440663779467844,0.32113257
-76.83471439076997,-2.62875293211026,5.77107579030679,0.027659869
-75.52580102415016,-11.982716070570138,24.642532826182908,0.001549107
-76.5610410504635,-14.34460561895702,5.017466374241545,0.032912668
-72.57145541399035,-31.66777630666704,14.290544644271826,0.46860003
-77.80702222197574,-20.04687432578133,3.5882425194877925,0.0011271831
-77.36467804522263,-14.109966920059158,6.047732213969866,0.009087476
-66.63568412259261,-17.485948351823044,3.0934602931713755,0.024204936
-71.45408754246199,-21.87267807368725,18.02452249744492,0.021158004
-69.25759027936407,-18.5224885397414,26.95849924761213,0.025133979
-70.37227157161718,-10.11016309128237,0.6934298857144764,0.013145714
-72.70759153998154,-24.96071618800381,0.2050446477521295,0.34563288
-66.40878717717487,-35.573052273379275,3.555347610183193,0.95165676
-73.2260667071236,-25.02114339775914,22.25469303836705,0.34834272
-76.15352852016852,-6.77517607064993,11.041881033063325,0.033226233
-68.66583759879383,-10.71769603941275,19.14720672663798,0.0011224401
-71.86448768693968,-0.3328238743181657,22.997807077665115,0.0014535472
-75.8444045342615,-11.434426136164046,24.279934147518087,0.035732828
-71.59570204639493,-3.304153049648157,17.889779960136984,0.0060975854
-73.4669156330347,-23.588550516453395,12.576692109025634,0.0027920322
-76.75953699600095,-30.141021318136428,14.135024420931256,0.69564235
-72.90908247208058,-15.86611934955664,6.15655831056614,0.002520489
-73.9426252539114,-37.816743869392496,12.71173750134701,0.02871533
-74.85892271237915,-13.33239845924718,25.14612213801837,0.16936025
-73.93934831436306,-27.715787025963976,5.748906597468424,0.7202287
-78.17207797578493,-1.601054457508262,7.734585376539551,0.0038763299
-70.33557575524851,-6.936872160508543,25.64306390120124,0.06285368
-69.36122263490317,-33.96803490556515,11.14016148348949,0.34590352
-73.32319672080945,-18.89362922027537,19.182716980944925,0.10408502
-77.0088493811821,-15.840248559348789,17.471127835278484,0.0039979173
-73.89031148648691,-7.991681762943791,13.64107595412484,0.24867932
-72.03932970126245,-4.008922825313952,10.483965741984472,0.03763354
-67.61143461819601,-23.59299254086516,22.29285498600205,0.08083309
-74.55487479386632,-10.50584948134659,22.048035770722542,0.0034542915
-75.06703325150879,-21.063471772141543,2.2374295125750643,0.019327106
-69.02996686540313,-0.4052736722462882,21.037077024489268,0.002985662
-67.05789620480047,-20.93757734395767,9.617909808117526,0.0136422105
-78.04965372665617,-35.9287858657762,25.772780970948112,0.0014879813
-79.00055376672898,-33.65364546198606,12.3475122297232,0.0011863078
-77.19719928300631,-0.9987463621287632,0.1185387570319417,0.0038763299
-76.51444107659057,-17.037816262252985,20.212323209325323,0.019279791
-78.68814217909286,-24.30190474295785,15.78798234900323,0.016580943
-71.57446333675776,-15.713993127498814,1.9090931011939745,0.41247678
-78.01740601497784,-22.59186394940308,18.633342931555184,0.15580918
-73.91981908381715,-15.09312293923496,7.731736566676858,0.0022868728
-70.80271077669656,-27.70946755126481,10.443997697014169,0.1441176
-70.84535118448336,-30.81334986336805,8.915569164495826,0.06603544
-68.53859365429318,-8.528791115730229,8.946384962339895,0.005220891
-65.98711343523287,-25.803302066243788,17.45169929786489,0.020891305
-79.43456937556518,-30.700501132477665,21.34695669520759,0.17721495
-65.86886393734227,-22.56265842051756,14.17600699272704,0.007305046
-73.50980991031756,-20.236965516398712,16.17986643713481,0.0066345003
-77.02141600882759,-25.64711128330493,10.606547983060771,0.027477367
-71.12868328308082,-32.17468202036044,17.971795579570983,0.1297449
-72.93985563295413,-9.000879568033461,6.05483213590532,0.0070360764
-70.08223923347244,-16.46395702732361,12.25429051214531,0.5570706
-69.48464999380802,-16.278783716641605,1.093325981588248,0.0864623
-69.11382557575993,-35.3422638106405,10.430395944556569,0.025019309
-70.26877480277764,-27.51480064160569,0.9821794009721404,0.9206255
-78.63703541420713,-17.60037641854325,10.753883080436513,0.0026691686
-76.70587974228378,-6.9372322517952085,10.406641291071,0.018995475
-70.85672941263252,-33.71450409660029,9.368189888378716,0.41247678
-74.36114541108057,-36.38242036800536,12.431010386327657,0.0056819078
-67.17593362391688,-0.974121946694325,2.6350717502404173,0.0038763299
-77.09835570724887,-31.74686676780814,0.6880752488815727,0.942602
-73.6906491254085,-4.096462616548585,11.771281925221606,0.54243076
-76.92285509340877,-29.26979837025737,8.228110824802593,0.12614028
-72.36689377509032,-23.965075396892715,18.54514374468233,0.29965508
-69.95193021446565,-9.919943088798195,19.120905623129016,0.0014535472
-68.35944419717859,-21.08878390538624,14.361237135887022,0.048011735
-68.29415447528562,-23.434765954271903,1.8508837469787365,0.78245693
-77.17612479528019,-0.4606052343259748,15.703079906096614,0.007498311
-77.99792640670917,-37.13061855731488,16.89075420256325,0.19103113
-68.90669697109124,-32.35622974008521,24.54711742286016,0.009560673
-79.51919436376208,-0.6225826409614257,13.621852070721674,0.0046235323
-73.83954862907763,-34.07119103057202,23.57026302421377,0.0024666474
-74.27139709619807,-31.383534376993858,5.85130089752529,0.8978013
-74.38960499797908,-32.51885237087675,22.205890312967583,0.17376043
-76.017720026379,-19.34642194968562,18.364932526391588,0.0011964918
-75.40624900547951,-28.53427638283318,10.632019569550382,0.09930768
-71.89734682517894,-14.174861126470944,3.297919241061096,0.9206255
-75.14472000714036,-12.081475719832063,14.350187683313669,0.005476687
-66.5176940655843,-23.261598566002085,1.3870266517666603,0.54435885
-70.46289653344029,-37.211929154822926,3.707098319809381,0.020580394
-77.11748030452205,-10.414716950839184,25.65510514359426,0.019389892
-71.61898004629616,-9.924390289434816,15.852762074818337,0.01377045
-67.79874478259367,-2.894179059514954,20.688973361451644,0.0040917736
-72.60688130521957,-12.225706666788795,7.46424612759388,0.062292684
-68.93388701537923,-27.42733889372394,26.92749999606058,0.26154262
-76.40127092955214,-4.908255213373316,16.7940451870575,0.17182375
-75.39315057236063,-0.274316873269754,13.982675387799688,0.0046235323
-66.28283090202302,-12.340701025738102,3.109710248427923,0.040196788
-74.56350176074444,-15.044156499537362,22.8641692495739,0.09922891
-79.45918366621889,-19.562227035718507,15.45852751900772,0.0038510389
-75.12141247032899,-29.04670224302331,8.53063064442439,0.00071956246
-71.75027514976907,-1.102758527615627,24.07133734400704,0.002520489
-79.77027370070388,-2.904051940902967,12.406704267534485,0.2882666
-66.66827956898416,-9.13896922435855,10.527094187949029,0.0053053643
-75.4785399648159,-22.375607748416144,0.3006286872013692,0.038947076
-73.80303080024791,-28.032147108254243,12.833568923546803,0.6769329
-79.22599921166665,-35.31617388580552,2.813172950632514,0.03692487
-71.99711991225857,-1.9850229479467243,11.836025132359753,0.0038763299
-77.53059342110858,-4.724149585239253,3.936921892446554,0.029190877
-67.34671158822611,-24.75947403756381,23.947386218493605,0.10941712
-78.6939443072115,-6.2648050865565565,15.149468602724244,0.9245027
-70.31567300051672,-27.585867071398635,19.65722437562864,0.47382653
-72.49986532902133,-22.84093265214971,22.8391143144725,0.22245823
-75.32192246284632,-20.70870550811688,24.07263297537752,0.024095347
-69.51421547767355,-28.42852490086401,8.046893209853492,0.13243015
-75.0103796721878,-25.02341696996373,19.92727318985892,0.101714805
-77.16492867675059,-37.425019859849485,9.43381369496257,0.39295647
-76.8128786518514,-28.48069935838499,8.415850809688424,0.4109397
-76.67652824487642,-22.97675801109176,22.723054192175617,0.22245823
-78.89315000360675,-31.19712454571435,11.061690991211975,0.1375478
-73.88677969904126,-36.20453245841325,14.168787582583054,0.008230028
-79.78497355844245,-34.815585084088006,19.82657460862,0.4017906
-75.68178676221898,-37.597596533047096,2.037016528634185,0.031011574
-66.35723478530743,-22.36500470661857,17.247705675883225,0.021158004
-73.65515215218632,-10.323644996121343,18.73623124158905,0.013950658
-73.85437708091658,-26.27193340983625,21.05952552417164,0.10887637
-71.17881452356013,-10.168371076905968,12.361377422790008,0.0021671113
-77.35910781528123,-21.9381239346948,17.242623768174848,0.006439112
-77.36455012412465,-23.73694782530917,12.874158165491588,0.0023859208
-68.10081528720107,-8.28683669195307,12.133783058008158,0.02090356
-72.54632288745542,-18.222147015972084,5.045123752707298,0.0012087892
-76.41566619130579,-12.413997138070355,16.546938911732333,0.003444794
-69.43684081847543,-35.89711479959382,16.6920208098536,0.008230028
-73.00347709624054,-5.911154219161915,8.042789605159957,0.027171709
-69.73840077048396,-25.81674686630405,17.714237496613304,0.3524527
-75.11462811172272,-27.258367897268847,13.308801636694644,0.049381603
-71.84739849528633,-4.847019080447431,16.178892287723357,0.12306672
-73.95054383614355,-30.257329085438503,9.36229380720226,0.020254975
-76.47285036408728,-6.3390998836764005,15.88316412075373,0.61607003
-66.99133082901204,-10.587495792113035,12.156799480554817,0.0040406003
-69.9567972006147,-4.202189049433514,15.085748004629975,0.004799053
-76.48954674253153,-8.227071663980276,24.36408984431982,0.513039
-70.4520939599702,-12.38080893646856,0.0192571184827115,0.025378069
-75.91933365267391,-28.30352940095628,4.006268945562115,0.1702908
-72.37280536597127,-12.318236392671531,19.548955821297245,0.0026691686
-78.66900161138938,-3.526312189493993,16.378633026578676,0.048241165
-69.39271712311054,-9.92415450046797,0.6662742391914542,0.011150069
-67.77878308720136,-34.44805457501206,0.5569718949214285,0.9055965
-73.76646222568,-11.101588951997703,25.605828431317185,0.001549107
-74.1040548489064,-0.8501128706682408,5.986699267546291,0.0038763299
-65.93749056426235,-17.763638159236326,0.8954564521421315,0.0061717466
-77.3741342844431,-32.039218414171955,8.617648409913944,0.7916527
-77.7440166402154,-1.6940814959389598,0.0624920422640855,0.0038763299
-73.4261772129711,-29.989158555660588,20.256110032548897,0.7231867
-74.39721930249964,-12.174762701256675,24.32684913000428,0.001549107
-79.31009934985306,-29.392254160704777,26.53211220587997,0.019621257
-70.75503366503608,-16.242194696566113,22.87574761629688,0.09922891
-76.53122406185295,-24.795414903246623,13.63725468389805,0.0017557548
-68.08625776976429,-13.549917783594587,25.144436613485464,0.09922891
-69.99292521414849,-3.3178737076786504,4.991903664048668,0.0038763299
-73.65636767552141,-27.57768920279165,19.873600471137603,0.47382653
-66.20310073301958,-33.76542978195303,1.621503003571546,0.9359408
-68.90038751347454,-23.338599713927564,18.38738196829709,0.048011735
-77.93108119356414,-11.782509670188087,25.246672259521823,0.019639675
-68.70746027837768,-7.518079889058235,1.1807199173726204,0.005685694
-76.70566978631867,-8.806316773915526,4.202842603365689,0.25332955
-73.56363788152011,-9.239816499110542,9.154595107505967,0.016925408
-74.1190604245474,-29.38688513752997,25.096138538935826,0.008129814
-74.78086691919759,-35.33414195965095,6.74546504896052,0.029825162
-74.61010491027092,-33.77514810803165,10.090802839559876,0.41247678
-78.533945214321,-18.85858427331845,21.63017513060615,0.0011964918
-66.87116796544596,-14.784647664647078,8.150518255850496,0.002211494
-68.16845069701436,-25.03417681598848,5.895602636498811,0.05559451
-72.11937461676015,-12.03052325014432,16.280042944633166,0.012670467
-68.0168960731914,-8.898348776519885,22.1399938919833,0.00508299
-73.67667258699225,-24.573520695317523,4.66079424232307,0.028268024
-78.12763001874315,-10.468996637167317,0.0441971247494071,0.061686035
-72.72934291490262,-37.5458058797124,0.7872666021480089,0.9705556
-73.04971369901054,-1.3796880330548262,16.07854855672522,0.0046235323
-67.63970137644785,-10.404926496815676,5.842140805553984,0.013583205
-79.2013290132875,-7.585190520408183,19.942260346468395,0.9507605
-67.34166547372736,-27.270354744179752,13.111654119295787,0.006537512
-67.60231366349689,-27.699851179812555,11.87573596121418,0.5329982
-73.7774884578173,-11.48348399881024,8.046180460607028,0.34590352
-77.62597134663433,-28.412444548047034,6.3228270223778695,0.6033291
-66.4081438014079,-18.60099853902628,21.413973351251755,0.002213318
-79.26671055261387,-22.900423882679554,7.500441191950125,0.0036867089
-76.35824901938916,-0.5692659102688467,0.4666743522795235,0.0038763299
-78.44858929167646,-29.53090476588377,2.7021231567589674,0.048761643
-77.80533928508557,-4.3532807366213575,18.231265152783337,0.10702934
-71.48844372152159,-16.920981099505706,5.64887685737134,0.0053538773
-72.89918659635542,-15.683229487213978,14.066872093734192,0.0023540033
-66.95435748175245,-13.238497298540086,19.908431320875213,0.0026691686
-68.16469915205532,-26.65717828342395,7.918170855684028,0.26165798
-74.73016466806435,-26.61989434945767,18.279091043760115,0.14213808
-78.1029373704785,-0.3651585522938561,11.486636665683069,0.0048170253
-70.52928618527469,-27.935254025596883,18.39326190240465,0.3399581
-75.6081151963014,-28.67696133864348,24.70040227807653,0.71179295
-74.40480647194212,-8.273817426966954,17.618738217067982,0.048362575
-79.25166629340605,-33.113457731036306,3.9060967047096966,0.9206255
-66.93263546296939,-37.72650359479434,26.3026618926255,0.011977356
-72.0024983891085,-25.53043667394387,3.664800336369477,0.70778966
-65.84344046995471,-25.47632802133428,0.112775807472775,0.94642484
-73.33760597810769,-33.9519226428408,4.778124027921141,0.97223544
-72.61802926750964,-23.176469663427405,12.542030081867397,0.20949921
-70.72117798019056,-11.783629900499257,12.458849000819658,0.043537006
-66.26566699200698,-14.413648571716564,1.877435052028665,0.015484417
-78.13685920205809,-17.991756450897704,2.1873502452203724,0.0031930734
-78.87932412689048,-35.064702294366505,17.74762282041926,0.59660846
-70.17879682232319,-32.68839458538666,15.112830875116408,0.07544095
-66.55149813160803,-12.041752486267717,6.041328718602137,0.032912668
-71.07430937503824,-15.156337322788453,24.87652208231782,0.0036867089
-72.17105922770801,-36.31598200182422,12.122325386038485,0.0030873474
-75.25411838710917,-16.64969937160971,20.217010130089463,0.12090641
-70.77692583107932,-11.039864797617255,17.025092281995967,0.0024277235
-67.86811644601883,-5.728184005691801,0.3725633837840006,0.029190877
-73.4425869072588,-33.80693024003215,6.345498608838024,0.97894216
-67.94334374621012,-9.905157083830872,4.025778409593155,0.009094912
-71.23326702004053,-35.2305548813411,13.255330083526902,0.0035740938
-65.8905308576154,-2.989184551645188,3.57679956481935,0.0038763299
-69.04358256125028,-5.041103506332263,21.63331036342256,0.0044678412
-76.33156313274824,-14.799509513035195,3.6592441179837314,0.029825162
-77.06289622217741,-15.260736148095678,13.116744201343952,0.0030467052
-77.29862362901461,-25.884381675189395,16.282445970522186,0.0194205
-71.40802977034966,-14.8139371817116,24.657246667779354,0.0033039858
-72.51150190615351,-7.679172505607568,2.4122919070905025,0.08963454
-66.01177663989928,-17.982807980630522,18.5256020519646,0.034335043
-77.20871630799158,-6.408866101387268,16.77013019350115,0.64672685
-68.79269646820325,-10.671323250832188,2.904966715689161,0.023357023
-76.75753595771215,-35.19973975898349,12.076781771463134,0.006562934
-69.03437968804245,-11.835297275583097,24.665522103405586,0.001549107
-78.67798027907388,-16.84206794598777,19.39946194385994,0.0011964918
-73.87673021115174,-33.461130050218735,10.287830887136314,0.034775104
-79.2526297074106,-17.031995983052145,19.78468423523036,0.015747853
-73.64766567881559,-6.149368123293666,0.5753919883911253,0.11041475
-70.18499662547093,-8.137427107806445,10.15766389792656,0.003804868
-67.05998240566089,-7.238913872337196,11.465908715912546,0.009309762
-72.46715692199302,-28.753362823297,17.48030558050871,0.03451179
-78.68618565520715,-2.387905498643839,25.841142216988224,0.2842533
-79.75023884567004,-10.444214946243484,2.248001239655471,0.057908867
-74.05831997430104,-11.807698905600116,16.56098295175825,0.011648513
-70.85755463327688,-10.559057855510506,24.01191447103627,0.001549107
-74.74842161483946,-5.06156101491753,8.596452254291554,0.0086477045
-67.24780676961892,-15.43639589223843,2.033628947446245,0.06692826
-65.90562995346929,-7.431134034240827,3.782536870838229,0.0038763299
-70.59184069228762,-4.5270336686256485,26.43822383410964,0.66561085
-78.6383652671049,-36.03363584747476,26.72431634880717,0.022914419
-69.80825386650288,-26.341490391999223,19.25775545413575,0.33624488
-77.49745474274957,-21.656325902093595,8.687987692174094,0.0011964918
-67.4103803384999,-20.682362713201343,23.33172695918197,0.018642021
-74.984131251132,-20.176485162209804,8.691089590689115,0.0011964918
-69.28935196709028,-17.982958216749857,0.6428593765529879,0.0061717466
-68.82187657518762,-30.030184087930632,9.447303235573983,0.034323048
-66.17814632676526,-14.162021031709592,9.066181191867836,0.0011219991
-77.61687056383172,-7.176198939850405,25.184127235745787,0.8072178
-71.3573173836348,-25.747222131954544,0.0575916329464776,0.34563288
-76.14819467532858,-10.771057152608286,26.967071447086088,0.0033659728
-75.57438704593288,-25.42701006399077,14.780977282459997,0.0017557548
-68.40957840503538,-10.401264436858714,21.92366409654754,0.005412503
-71.85916065712044,-37.47468023155784,3.697931458419826,0.031011574
-76.840184899588,-24.965823604580294,12.114163164328458,0.14695531
-66.63155054419485,-31.651690411682253,26.284293510888546,0.0084493775
-74.68228997128108,-4.564124469108407,21.540531020728206,0.17283826
-72.79467478012924,-35.2129867525641,15.444503164804855,0.015275287
-78.73391015382062,-23.36023116564452,17.244513699529247,0.021158004
-79.22686967771874,-29.02527529911788,3.4496154305240854,0.28980705
-69.73416317594766,-15.375447661180146,3.5082588616859587,0.0024922607
-74.53387357255868,-23.88663331473206,1.881471681834216,0.21853012
-75.30663323915934,-36.76094918636533,3.046684666256985,0.031011574
-75.4491405554626,-7.2510953543425565,15.390048475793044,0.02647912
-66.42832273980278,-29.77241155482793,20.567711755234544,0.008015876
-73.84463913796691,-18.861913269298466,23.96081793173935,0.018706786
-78.86328566040369,-6.187023419203459,19.01675062455044,0.87761366
-78.43572379043418,-18.40881537041232,10.808874540224062,0.0026691686
-68.04560567854853,-22.091571668627736,26.46186597291993,0.05842843
-77.45748122308362,-23.152167621616066,15.39449111398461,0.048011735
-70.18523571446997,-15.257380557583527,7.943853934531843,0.0018803728
-77.17162826859548,-22.54063798191596,14.604920496812616,0.06936159
-75.70199071248157,-17.86926294492517,4.596344366532259,0.00508299
-67.6205773510017,-7.968277335398007,20.01545118247189,0.0046592345
-74.77594383220145,-21.05210253238933,1.370219374567477,0.6627535
-67.14269555795333,-19.852936474810008,23.286408210771995,0.096822985
-69.48226246301228,-25.476967126793568,6.821436881572623,0.065562874
-70.56997199184738,-35.10962988973704,10.67136632265998,0.0029842346
-69.79605977497624,-18.43035724847192,2.632713049259092,0.03874283
-67.53150258229017,-15.394520680018086,20.41195053969296,0.004080217
-70.32685894232529,-37.93819349288338,12.66882970182018,0.047574606
-76.63243810444021,-28.67644858164792,23.23620825662778,0.008129814
-74.33291642291411,-24.118841709053992,11.771476195932072,0.019008182
-73.4163727538389,-24.210175877935225,18.79571270721335,0.023877326
-79.67964879616015,-27.068623674027933,9.429066087992416,0.0044447826
-73.39563378758228,-16.12229483670404,9.101815050031698,0.0045652837
-79.55041613287607,-1.2961653203969732,5.487599534408469,0.029596338
-72.24424335152072,-35.46484113019913,19.95252825240282,0.006350294
-66.07745262142684,-33.747401754337915,18.31123739546306,0.008230028
-69.16958879087173,-25.82149644353604,2.6034562687268368,0.8963201
-71.23043761881699,-36.41329289914325,8.750788963946627,0.009782139
-79.6333230018244,-22.174948290987903,8.17855842605004,0.019279791
-74.72569533782861,-30.96409109956184,13.991450491312678,0.668587
-72.86476621072123,-26.866529328882685,21.969447966582887,0.036740936
-69.10952278536571,-25.884351869470976,22.24798896550142,0.07007089
-73.27142678815274,-19.40247114221147,6.072544294564808,0.001549107
-67.47844608590863,-19.33629420197377,26.48171763551435,0.09497921
-66.27773910603153,-36.713082014539005,8.386508715607699,0.031011574
-70.40764593644897,-7.59837526037542,20.13671806577103,0.022443805
-78.47811037396588,-23.449715222353067,15.476217309469549,0.049820222
-72.56877587879838,-19.57710817819653,24.43600376595736,0.109241605
-69.62020151507114,-21.33625189583941,6.4565159418922615,0.3492345
-68.85387531631258,-18.532776248219136,3.4240134464156573,0.03874283
-72.6916402326362,-2.156944360859221,19.786252575223248,0.0030873474
-75.83852537352152,-37.8440468569308,11.933639951808264,0.014538346
-67.2058713882045,-30.772812217831262,16.29758210766247,0.45383775
-70.96482653924276,-31.15411774853951,4.5535539613059,0.92769337
-79.15035865031064,-31.50941167395895,12.355847162088708,0.7334061
-79.01363446995677,-27.95533253878241,14.961001557331423,0.30688614
-79.4511854802894,-36.23779924791417,21.452582054364104,0.12255484
-67.06309967212994,-8.643902102578764,11.7659020063214,0.018395344
-71.25127979335667,-27.85524926262963,16.930572007723537,0.1545518
-78.46093368135652,-7.963561002772725,10.786583189745254,0.022061354
-78.51911380430164,-13.288854611796957,11.721826607601614,0.045074657
-76.07062892343626,-20.076047156287142,13.697362565427047,0.0021677497
-68.16843978706166,-7.384853588466182,13.96876659975186,0.0030930485
-74.29434617689238,-20.954313705371703,4.205592296023832,0.0047296057
-76.91180164007658,-30.220586032667807,2.7958620839744777,0.09299231
-74.91904452559572,-16.145704526385543,4.3215381853221295,0.006335958
-69.93846768408542,-6.137550124655029,12.773034486600732,0.57000387
-72.23538665558408,-33.90266676918025,17.340132132378688,0.009502386
-67.79091574056885,-6.171096239466209,4.1903692387646165,0.0038763299
-73.0895079930053,-16.649553262344625,10.99641657252949,0.0044970196
-69.39843183338533,-5.4056233033710015,8.8561749705579,0.06659556
-75.39518687021308,-30.51243198128933,23.107855719546883,0.003972832
-72.67496003838795,-30.17616391073129,18.98719275743457,0.22107886
-75.53793757415914,-23.065731081810647,17.28308330661347,0.021158004
-66.97580506293788,-24.731021972578944,16.042686002013298,0.0026014438
-67.00716682812886,-15.57324363462212,22.766516157152708,0.16936025
-70.95137433659703,-19.35188800622129,26.584615762489573,0.19656704
-66.46852377076752,-37.54625250794278,11.275513938646244,0.010923873
-76.09063263796266,-5.139122821749048,7.797750968656531,0.11041475
-78.92500180919879,-24.2814257370539,8.458658892589963,0.07751778
-74.24547823848958,-26.1629277093405,2.6289680341296053,0.32327256
-73.76794677326284,-21.95386688390752,19.92852958535059,0.06806405
-71.60831315289182,-2.27013860771104,7.427289836381091,0.0038763299
-77.16878600625598,-31.72523755030148,7.199151748445782,0.8500432
-71.06396157793554,-12.43187754641096,5.9625149035479295,0.9682768
-67.31061743046662,-12.486291827445598,1.7061757520056762,0.040196788
-67.37851878824777,-15.148732302172531,12.513415723840904,0.33014548
-71.97303196444275,-2.5498949006012666,14.905932567311035,0.0046235323
-71.01159501976696,-21.179147152567264,12.49803540622178,0.028552722
-67.2350768075166,-1.960947844135632,21.488979268794672,0.003100369
-73.5356060114162,-31.822237468461203,1.925676671752751,0.94652224
-76.84740146021055,-27.30519397964335,14.654410936424611,0.08126541
-72.98765328018972,-18.14057038051697,25.27780430470203,0.018706786
-74.25753062793486,-11.060382998444016,15.247188465393378,0.032512974
-78.27524110012817,-25.04620075032482,10.411280802056288,0.10161902
-75.03285934689661,-28.99135561952975,10.829311422147768,0.0014419834
-69.27512540400409,-21.521604305529973,16.897006917103884,0.119511545
-70.34465189838815,-34.49461166869054,7.356554237452684,0.9868356
-78.9200912032028,-29.356677461136243,6.728154798447052,0.13193102
-71.93876502299295,-34.49170039896781,6.365585156541638,0.044728074
-66.60779405240268,-29.43209595955141,13.621034388627637,0.77438086
-71.58156784487227,-21.51070853344515,12.69052187553705,0.021158004
-68.36933765116957,-10.776104348820912,22.08836827700088,0.0026691686
-78.62380604603736,-4.949452032145082,21.366744155880383,0.0038440207
-70.8575876793028,-2.5699366071957783,12.182063050878009,0.0038763299
-68.6903536694777,-6.768204422061636,20.71872024651701,0.0074718203
-67.30106142412018,-7.360956872864538,13.943961720268558,0.0030930485
-68.90121441922311,-36.859270415728034,17.58336838917639,0.008230028
-77.14094100937888,-16.050555672589905,22.035355606265867,0.0036867089
-78.25588694846435,-30.56318592613704,20.83970284598432,0.17721495
-76.55866771153114,-11.152749836953006,14.140582056703153,0.017537782
-76.69088754267608,-7.842403010214504,23.6290340651287,0.513039
-68.87841563535757,-1.4419152855190518,9.163154045884989,0.0038763299
-71.94732466987963,-3.431204313202393,6.348102615568807,0.0038763299
-68.23076910531138,-34.54508321467338,4.559560652349562,0.9841802
-71.78177328746419,-35.868698014288405,14.929642590880114,0.013240292
-72.96165117544624,-22.351227335604023,25.94183045506797,0.05842843
-72.2004707970663,-25.88180756102136,11.54322928827578,0.030458054
-70.9841159678584,-37.96215685482797,5.874344869282172,0.30391937
-79.01955806669895,-24.97301235200109,20.715906642314906,0.016418125
-79.6444721500623,-13.862481059697116,25.83346082906428,0.16936025
-66.26154478801502,-21.132201778773908,2.676036429540752,0.018171594
-79.36468592615381,-20.564070569014724,2.6981376047493364,0.00508299
-75.76618257185571,-30.92254065866468,14.978826868046474,0.77198625
-67.42146707074036,-27.36869559359731,26.63413348688087,0.052663278
-71.78153173877706,-5.230243168983783,10.378684916544838,0.1430261
-77.56806992159187,-5.110131584127203,13.614566468735854,0.076624
-72.4989309242068,-21.76932912099524,8.318902259927324,0.26017815
-69.24305421553998,-4.777109793665495,19.81788562245886,0.013211472
-65.93754356929786,-15.220031782709423,3.176391417220228,0.0636923
-70.44355809318081,-30.063618643425087,10.308561751656892,0.144368
-70.76842995927578,-6.632616772638954,25.211529895259737,0.4927498
-68.7928152495158,-30.381352046784016,3.5720333468780665,0.94642484
-72.96172875450068,-11.612721776216052,9.511738636323695,0.3004667
-69.97610616000281,-9.157517941543606,19.93970483001417,0.0014535472
-67.24606175810108,-23.55783729102505,19.918297637760595,0.15064625
-73.60759245785952,-21.92378619853224,11.316011370424814,0.010419357
-66.48483864946508,-25.644977545102776,13.75293530064076,0.0017557548
-70.08315141271964,-32.81614638732141,7.6151200770108,0.6128601
-76.95329809575601,-6.1234879579516495,0.46479401562484,0.12744623
-71.58796149123508,-34.9236080267338,19.43403424438662,0.0128085045
-79.45728256877007,-31.187177996938004,5.315924570625731,0.92769337
-74.15803200283186,-10.172147506373452,23.573364735330145,0.035732828
-69.50498622848927,-25.53771724398445,13.580154305055302,0.0017557548
-79.26660254785367,-2.074136147329156,21.45791006170363,0.18647543
-77.07109934058914,-5.255028913087386,15.512745530132529,0.12652345
-70.62580990491834,-0.0276532441471459,15.081468625452016,0.008846201
-73.68614486493917,-32.16050897281987,16.978573994639504,0.07544095
-71.06155423422625,-1.9555866717031591,4.90392558229793,0.0038763299
-68.13992534277547,-18.71515508536441,10.971712458322225,0.005980123
-75.24608173504943,-31.85745203055032,21.648072417541567,0.12820639
-72.13429171282571,-0.8153388796134067,26.0014860596933,0.0014596871
-71.72046363364717,-1.7940257466720553,7.692162478795948,0.0038763299
-76.57873003220811,-18.4934655858728,13.98058753214199,0.003444794
-79.33952772358592,-35.984017813769135,23.0513153413602,0.0023940883
-72.20065604561113,-6.336297643602876,15.880652258846016,0.021706231
-69.89615056491947,-37.970303508194576,12.288525304078492,0.011571465
-70.22557420585636,-1.413252330192179,16.57212287497961,0.0051663145
-67.3241816616681,-5.387147435172771,25.80476905017625,0.14432068
-72.43315703319436,-14.390654830213748,2.911759158694408,0.9206255
-70.47935460785231,-25.234008756764155,1.1944915948929244,0.34563288
-76.83567443715572,-8.142221540019666,9.28911628007228,0.8000048
-72.29473166565043,-16.22532554510814,21.82500804474964,0.13601306
-68.49734690576952,-21.946178151761227,22.94037695208907,0.05464883
-77.81173492771846,-36.817037284349794,7.871213485973527,0.3000155
-75.86170160490478,-36.04354655611351,7.197925046356448,0.03761395
-75.78242179910019,-7.115126185038182,7.957881420600599,0.027171709
-66.57817480794697,-33.452997570040935,16.11632683751767,0.009502386
-78.45401339325187,-11.309857690774209,12.534386341859888,0.19870847
-70.11843814446694,-30.040499976713264,18.812319941154044,0.22107886
-76.99683858076862,-25.50657757246629,4.511933469835919,0.16069359
-66.8632757173558,-27.5173778226591,13.736932077209577,0.21777388
-71.43678535368788,-26.8657765052256,18.169246007677817,0.14213808
-76.88393848136607,-21.19121852738632,2.7904727857376512,0.0029535803
-68.79576592139146,-1.086407531977379,19.051282309419864,0.002985662
-73.96424012034588,-37.372921893373984,5.376465703921807,0.18325451
-79.30509639926912,-8.734123903786998,10.837145162040342,0.062671974
-73.3356741171384,-11.424322600954852,5.692304267728972,0.025019309
-66.37638882609028,-37.54464039467346,0.4958586344795264,0.9705556
-77.30505606809248,-28.92174778975385,8.530691964214055,0.0031448891
-72.91764987183448,-26.973163410682737,26.64131129008155,0.052663278
-71.26473703820088,-2.22195320079382,6.579549330262195,0.0038763299
-71.45658792994114,-34.67096435690291,3.0097189579081505,0.9705556
-74.93412889139412,-31.39066221373112,4.157882307567607,0.9747447
-79.36350365444075,-26.714420950149503,20.66620840512521,0.10887637
-71.97640641630025,-16.665044027933714,4.272566446067349,0.00088637904
-71.2283320468535,-31.103756226770145,1.4197038509387592,0.942602
-76.39940785263785,-23.49533309481573,13.213879534964288,0.06369696
-73.1237969690942,-8.453003735087684,21.532437063317463,0.0028157844
-66.28846628758735,-11.494632934743006,11.182459947026716,0.1410179
-68.68184298593499,-22.116200726558265,19.35093272179724,0.35714784
-76.33832227526048,-1.9910097026038256,0.5262520374411491,0.0038763299
-75.73560325749105,-14.898210864112258,23.529851784763032,0.0033039858
-69.84322811174727,-3.9596657022216135,4.686813201171679,0.0038763299
-75.67317053409029,-35.396067925165795,0.8787315589139912,0.8573511
-78.83682000743234,-20.803742726730576,16.91730787826788,0.0043516196
-66.30695375713896,-26.35411639479212,18.148895905181643,0.11015311
-66.67509271163803,-5.21389716842139,23.814911383637668,0.5065834
-77.37519282264888,-34.18363664948523,19.7606718786378,0.0077251107
-75.29175387369715,-18.748008798023346,1.823027229588096,0.0019274666
-76.72962680728119,-20.73267279789467,11.91664656272612,0.002694232
-71.77284745657909,-23.63660335368236,12.748021232101369,0.0027920322
-73.03342570772841,-24.862654735008583,5.76473013060013,0.021253873
-70.0338401512894,-20.367865271407272,21.55027284182364,0.15063453
-72.3407039520493,-27.633207620501217,16.135727453719998,0.1313222
-78.13588576161412,-23.234164984162184,19.43952069295112,0.06141016
-72.88464915929846,-20.670869755556406,0.4513461424094303,0.33810958
-72.70532873346758,-22.53825507833777,8.5410205887709,0.09324382
-66.26192258916562,-22.6287937388389,1.1076788040699574,0.1882472
-77.03630908593365,-9.033471473282972,15.20104209027832,0.0009775506
-78.95346476725861,-28.74177427809515,21.06541157851984,0.016521435
-68.40045857027077,-14.793384863413856,4.797585598163587,0.0024922607
-75.01330298051083,-24.377642167039525,10.34122369566908,0.1362136
-70.66786679259563,-23.603484251701254,17.28241886324616,0.049820222
-75.1293636698488,-21.04531580932849,1.396210057076031,0.92786
-66.02322093024495,-4.472382690470404,18.48830533607607,0.005457499
-74.8280967344331,-12.647483093155042,1.066607398585912,0.045356296
-79.26076470167493,-14.008351289413069,0.4676626260400466,0.9603341
-78.09720922706204,-32.23721447430397,13.77546797868968,0.1512676
-70.45932857148298,-16.154601254693702,12.822854726387432,0.008413937
-70.26892775311691,-14.654883978590233,14.55033607025429,0.0023540033
-66.28271567687717,-16.720166289698142,19.937744578982308,0.031975858
-79.34461714728201,-37.4281569154769,22.200340652540984,0.14583278
-79.12900606834516,-22.16259443799464,6.134738088303167,0.019279791
-76.02808338137159,-20.482306808506383,2.0992920189801128,0.0024666474
-66.36174490772837,-3.772142916320505,24.194262023413074,0.09586466
-68.90590546139511,-37.22192862281602,11.142676699243736,0.010923873
-74.94158851835502,-14.876521641258424,6.186175816085655,0.0053053643
-73.50348692166966,-19.11251432088788,4.830369655082084,0.0024299175
-66.30514884449754,-30.016230144763323,14.700342552056862,0.46860003
-76.03607754537475,-28.66484017494953,10.004566233423146,0.00071956246
-72.2093633407651,-17.96909916799673,2.067348084409878,0.0024340416
-78.34737167338021,-20.143732948587555,20.48684857483324,0.002600871
-70.04824259600107,-35.299616192550545,14.155103252287343,0.015275287
-73.51602920716111,-8.92057144764776,4.590644903391921,0.0045424597
-69.39992465827935,-33.19454405093321,14.503840435829158,0.009502386
-69.04837650768651,-13.008599836739538,4.726346415888634,0.9098891
-69.9281179869484,-13.477702581402909,13.281408277050916,0.010047587
-66.3799303836666,-5.7530342817795415,24.37603355186851,0.032187473
-66.50325895431547,-25.88587661979493,18.257214900306483,0.119511545
-69.66965215154171,-34.025999710118846,23.042672700651885,0.0018183681
-68.78825640017934,-36.317732152492766,1.2006966352400543,0.9500385
-72.64201559894255,-1.7478556219998111,26.130168500847407,0.0018803728
-67.74663502408933,-29.565065245255404,11.382330180642226,0.0124316225
-67.71682796749361,-21.996770006759387,5.478612305623981,0.09715349
-73.47864525901609,-8.487794201422506,14.50053766451818,0.0017928223
-75.67371592141535,-20.89888127871563,12.528709784274264,0.04941071
-74.79670786941705,-37.26701992569311,7.544645523314917,0.15573974
-69.66335182426448,-5.119624314605019,0.5660356254329116,0.029190877
-70.27038725443103,-23.41087463163649,0.966222668393802,0.34563288
-71.18007766171775,-28.60511283110044,1.437304848160105,0.9206255
-71.4084811836006,-23.901407699462872,0.3508769312302792,0.34563288
-77.28571078592609,-16.118994036496964,22.07035553256108,0.0061667557
-74.2139331412894,-30.70471805801796,11.36068894695849,0.0086782705
-72.12263545098004,-19.554389167574257,1.2647926609779725,0.0061717466
-68.51591381381925,-21.81589380224332,12.131160625269008,0.0042703263
-66.27393990144672,-28.773495193317608,26.443064493524105,0.16936025
-72.21820668853078,-34.93389217555446,8.988748113307661,0.0024922607
-78.51183843683786,-27.605170241356205,3.136898095392479,0.40436062
-74.73727775826917,-5.321883372041874,4.719343720080896,0.0421741
-70.56760774888718,-21.04851717902804,5.061164345504436,0.018412706
-75.80812950137951,-28.08960145066014,16.795138253756306,0.13708505
-66.58570266850492,-30.763754197958928,8.167722952263723,0.5278393
-69.88015137948463,-8.92713246237901,4.554042453700727,0.0048170253
-66.72933667193345,-16.50430844341573,0.887160965355685,0.06680857
-76.9344482397365,-8.978794956373903,4.535553626446764,0.0045424597
-78.08713924826881,-17.262654794352866,5.793021257236059,0.00508299
-76.26365851257486,-25.011620956269194,7.500998533725533,0.100626275
-76.33151706735116,-2.998931105995517,26.041407253108325,0.53984934
-72.27309080021608,-8.883652182923473,2.9954068754164425,0.109873176
-76.72613546461041,-8.259056769318068,18.3796605088132,0.048362575
-74.39636240149574,-3.518288380844943,8.640741529021884,0.1124356
-77.98905927393918,-30.57783569662513,10.567131106957964,0.0086782705
-67.79741264226277,-31.634531039732607,20.86902830312658,0.45967987
-67.69533921439401,-2.7387811900669234,7.305227048498627,0.0038763299
-69.05992321275257,-32.39932928247209,24.682897128998,0.009560673
-73.50163653237894,-14.439210572148028,22.86431981681496,0.08593629
-68.87684584394307,-9.464817420095404,26.746542429360964,0.002600871
-69.19543202993057,-15.448638566852749,20.95411735744525,0.0017979941
-67.53339946713352,-0.984587198540872,17.064641667298567,0.017991964
-68.21318625005577,-10.422120226712329,17.0569601979683,0.018821009
-75.3577303571591,-10.73103322704483,4.518740372329379,0.024587046
-74.45449888565611,-1.6310226466736495,25.5585577588754,0.0018803728
-67.14365301187073,-11.84156592418963,7.7067508799186335,0.09586466
-68.085478017682,-10.151584301003435,22.72512591625816,0.002600871
-72.5022437445781,-17.342901396554716,14.38684774181046,0.008413937
-72.55523785367726,-17.43590506299106,4.708203157052359,0.0024666474
-67.88081640442607,-9.031884751563188,12.89268853816776,0.004243882
-74.2973380059066,-23.905675020208857,15.752649912214526,0.016580943
-70.18394909702901,-32.32070805284006,2.055956733108612,0.94652224
-79.5465824578327,-17.163559778186485,1.654665277009745,0.012879549
-66.9955870188069,-6.663748492260016,17.40708095133728,0.009878731
-77.57959840719576,-20.10946589278507,6.616898420370475,0.002600871
-77.97641061989692,-7.574304507906543,9.392966546542416,0.19156218
-70.53031006092215,-21.529045485794608,11.806687126796714,0.028552722
-67.22458771856031,-11.18384878284255,9.19908219425941,0.41247678
-72.76021733905175,-19.09018502292161,2.424910833351156,0.023666106
-71.21266518878599,-17.875661552096453,6.758538242538963,0.0031448891
-73.70580853181589,-2.339065788327524,15.989789696833592,0.0046235323
-69.94945642779345,-35.96867415333328,25.61208632380616,0.003957138
-75.51951610280636,-13.272394416110837,2.88769203861221,0.94652224
-79.70918876690958,-32.046295145073536,18.747387636393864,0.0619848
-66.43496512389477,-26.557245715367287,23.037809773064,0.7950359
-76.29269495184042,-23.240613274643067,10.33965827085973,0.02539841
-76.74640170226643,-26.81565752369941,24.57022824709165,0.024829235
-77.70602511012764,-12.109654277452409,23.764476195256048,0.035732828
-68.45028924757862,-28.15103044322345,13.479251248826454,0.9602763
-74.53776777325011,-23.543111550572767,5.395971776822581,0.30966672
-79.7038791145374,-36.69683833977374,4.173435305405832,0.21546319
-77.9993757082742,-22.24912621238545,23.29130923756432,0.00476971
-68.8101639064064,-1.46909398150094,8.459546095556258,0.0038763299
-76.76728218233792,-34.362813242148015,23.65545347726548,0.0024666474
-78.9165569835538,-17.00905737151594,16.988185854787574,0.003983666
-79.48824719326494,-31.16925092344968,26.1216188531819,0.008129814
-70.92490532532392,-9.6447519146346,12.908822600099048,0.0009775506
-78.66302880204778,-37.55699106165221,19.979957554313643,0.39506388
-79.38538016357012,-35.23285785981768,14.656354741656898,0.008544763
-71.39717985317803,-1.5638986162378146,25.8295027343842,0.0018803728
-72.54923382108629,-28.50800073923408,15.560863486214462,0.39089522
-66.89149030285168,-16.66601960064087,8.706742936360023,0.0045996346
-71.48161731110696,-34.06248624756631,19.5782939532814,0.006562934
-76.18981961954132,-17.5506548785839,24.73336197474494,0.018706786
-66.51686270387151,-34.71675978523617,10.961667711468056,0.4660114
-69.45803507886242,-22.28488198526542,9.645069514689824,0.076147504
-75.704325340143,-9.856365706496897,23.89814821785446,0.11843844
-70.26765982492054,-28.146518742493384,19.07540478912099,0.7645746
-68.42636839644747,-8.227891244295687,5.432589876008371,0.0038763299
-77.07918311996566,-13.470773429356644,6.219695905370833,0.9884559
-76.51059920065366,-31.11191353751618,15.2353729853357,0.76136
-71.05092668045326,-25.22692408744892,14.33162983446636,0.0017557548
-79.13285575174818,-4.773006419294042,15.080171803542823,0.048241165
-76.16409024574206,-14.75138020903595,13.562821238101344,0.0023540033
-68.17299038930996,-30.697885390393687,19.782883572380378,0.5663989
-70.73531129634333,-9.89803761085708,20.89892779641461,0.00508299
-76.60455207657972,-7.279700221000642,17.77687213773631,0.018892573
-69.75674950688038,-18.625159588937944,26.57691849875454,0.025133979
-66.96986298751106,-19.77378217982958,0.269704583415998,0.51092774
-71.05587179724782,-24.62934353046672,17.962689914710907,0.049820222
-72.088809194732,-8.929639052134256,6.431403784375606,0.0070360764
-66.86654311238541,-34.725748522057515,16.817157015641648,0.008230028
-73.04900596972298,-23.944675277426043,8.500184299237691,0.065562874
-70.95730368308263,-27.595323792952207,18.734319592419222,0.65086466
-71.51837716667053,-34.50037250427336,22.217990182270228,0.002985662
-73.46666058802752,-24.71907522751101,19.08918468267477,0.022412607
-76.23091995982968,-6.406257463959605,17.307364781113456,0.015394817
-69.17154684058097,-19.070822347934307,16.05995166414306,0.023924649
-72.45598200220222,-13.21440879013184,1.284683576057687,0.9683358
-74.21010275749836,-19.24381090211782,15.936210530041247,0.0022937516
-71.83465507304666,-30.75816944096448,10.299836848493406,0.018408706
-70.74919881946853,-0.6576702637186997,14.505350361287393,0.0051663145
-79.73033068351053,-32.673475016809455,18.98479641006456,0.0024544238
-72.74235074388905,-24.822978552818498,24.451043892215264,0.10941712
-70.13158499731591,-22.337541944692184,24.39941092519524,0.23495921
-74.67726604827519,-14.227024391267337,11.283642670605865,0.0059506767
-77.63328150318067,-12.827149779816914,24.55862029887873,0.2834681
-67.04513181171805,-37.85171789166379,8.73481197713132,0.021425221
-67.43290225676847,-10.945528037029996,4.53164212307966,0.010923873
-78.38903231133732,-9.959063840347715,8.923001835449442,0.5238465
-67.34827050529859,-9.488268072966946,13.971312373270017,0.00263237
-66.52589186258372,-29.97407835978503,11.749421729391791,0.004171181
-71.56530023933897,-14.818585764833372,24.32302232185632,0.0033039858
-69.50035407925772,-15.88473098425585,7.412117045014048,0.0053538773
-79.40745905997777,-23.71887810901563,11.985498444035969,0.088768125
-78.03136526918834,-8.189938930778634,3.74759238725132,0.076854184
-70.62118250258273,-31.6011543264282,7.9811266630712305,0.8536726
-71.52263369857974,-27.372999299993506,4.3544670699103225,0.13389769
-69.19937801512741,-27.15829175375754,13.74268408995168,0.04780348
-75.60445577543261,-34.5806421121368,10.83131028137275,0.3563406
-67.40926296833537,-31.099402941770627,19.0296561367698,0.065881506
-75.95308063333101,-26.899527274680704,5.823098105951774,0.016967071
-74.41661018330527,-31.087470167002508,21.147565420044547,0.54743433
-77.53514471285075,-17.3660645537001,4.865272862725384,0.0045652837
-70.15066509440521,-32.961426652799524,15.30266095036468,0.1297449
-78.33961547972595,-34.83239733227892,2.631980710514945,0.9804703
-73.34477872089197,-4.305748600237074,9.967988154130005,0.10570237
-67.40228526383693,-3.00090354471088,25.5291685066714,0.0024922607
-74.05838371291357,-6.119219337861516,12.374233531316586,0.65221226
-75.11651867544101,-8.048464024923533,3.850255383962944,0.06817139
-72.30001129420585,-17.130606607613753,12.233837015606223,0.004457048
-69.18624576349254,-31.804422286039035,8.581248044471229,0.95462555
-79.43221391235531,-9.677984426641896,16.492844996580978,0.0017981995
-69.80628572199716,-17.348306616992208,18.5815908810092,0.0033005897
-74.2883099555863,-27.81060787639586,3.5997594709229874,0.34867343
-78.01088239410855,-28.999576691244208,7.6710354551647795,0.3765264
-66.94966032243488,-36.69124099087376,12.203991113104973,0.018638253
-68.93220223861766,-27.35244716968728,22.40347566046424,0.038141888
-69.63623026282144,-4.102024271555187,23.01276520118644,0.35326937
-73.44939785402316,-3.8386849350969774,8.102131482078423,0.031000067
-68.20661371057952,-35.72326505426472,8.923937649616311,0.022437768
-71.5521345886172,-22.16643608704355,4.15374355935545,0.12114465
-68.42653030590526,-22.659598731992528,8.946294708662133,0.09324382
-79.42444483302016,-10.10732715719801,23.269583087036025,0.21020995
-71.05500932568098,-33.269161058163526,4.094994533384942,0.9207659
-76.8298137124406,-4.60314694890544,14.500864712295966,0.048241165
-70.45475682150588,-30.88301487200892,2.760007831525504,0.94652224
-68.05238518841455,-25.717563696820328,23.338072303320168,0.12486083
-75.19927916723418,-0.4797353992983417,1.7223066337697155,0.0038763299
-68.78026305038273,-9.30754749509494,15.595062742696994,0.005359932
-66.82380508789981,-27.31732867501138,22.804082731913,0.036740936
-70.00955898928906,-1.3866783511029936,15.75479627223674,0.0046235323
-77.31964981642716,-0.4254420305297941,7.924085872473331,0.0038763299
-68.67597243019605,-9.362776219835013,8.5241315665502,0.017934965
-76.58483337645072,-23.42907567800796,26.6174445434309,0.23495921
-79.51409406703499,-33.52301293580591,9.594811202990895,0.16690813
-78.23050513967762,-13.091644761410375,12.10500610127288,0.045074657
-71.58788659472727,-10.348199415052765,1.761314288123938,0.016238978
-69.09217203151627,-18.65558674009052,8.545374140088319,0.011718893
-71.4533115936892,-37.705213326477065,9.807643049815525,0.014341956
-75.57264485791508,-16.275870297376162,22.962435121578345,0.018706786
-78.42692390064606,-29.35129322523085,7.68664094688498,0.08107305
-72.76219719919185,-19.06222430372436,18.730857401316825,0.10408502
-77.6152264022187,-24.20363551246758,14.397819727467237,0.0014945377
-67.12051118199426,-31.5322342555815,22.3370635684516,0.006571667
-73.59765632778293,-13.25115658402918,14.847058400660494,0.003444794
-67.81881903984444,-5.647174956996345,10.973990896256058,0.12761481
-70.68358031187304,-23.668567032479952,13.706346191530134,0.0031440223
-77.33027702720881,-5.301298377282343,17.536970352983683,0.2631351
-67.44467552182456,-3.510317376799563,11.429844800129755,0.008332626
-76.001894956834,-19.973699949767,12.479324618186082,0.0038957533
-77.217609091303,-7.684957744856216,13.737818869103434,0.49129945
-79.59233289953048,-3.532314805819979,13.107752753367778,0.06399532
-75.3440463273387,-28.07080143262283,24.37171851049201,0.43846926
-70.24841489216507,-18.94933965282159,4.293120791441821,0.003972832
-70.47682876839461,-34.675908700879,0.6392761830780149,0.9055965
-76.08592399496762,-16.379526531539568,24.73046110154576,0.018706786
-70.68321005984836,-33.04892733407938,19.61394903369249,0.0041042618
-68.7367491518414,-32.684801369863195,25.645135174652417,0.010251925
-77.05401680198345,-18.052261339538862,8.180547030953512,0.005412503
-68.65476823516218,-4.050047782346141,5.711231248211581,0.0038763299
-77.91789534336624,-9.46508790593018,12.973414850557852,0.34045798
-71.26330515803897,-27.84553476754016,19.26981626979153,0.65086466
-76.65691294786429,-9.101826922285408,18.085898344398533,0.014269762
-72.36457105969427,-32.11057061569489,14.120537115464984,0.049880117
-73.09842920064347,-2.217936720741541,21.20497892866124,0.003100369
-66.46354988676956,-1.7015360048245043,18.98452139237581,0.78292966
-75.67206322704907,-29.1718045610298,2.843517784967825,0.34154475
-78.73534006454115,-23.773326821874576,19.18685492617481,0.32921734
-73.82271918702395,-34.215061407095384,23.71571055473488,0.0024666474
-71.11443749715829,-19.72824701276708,17.355764080404164,0.008529962
-77.58737686939061,-24.75557683298329,0.2569753482806961,0.34563288
-79.30727638153618,-17.607368171861253,25.56749312809239,0.018706786
-67.65932103270251,-10.383174742127416,17.786661086111845,0.0041418714
-76.58690364908848,-11.657014400777244,2.9656152317426967,0.3314901
-77.76421915864485,-17.008613818052616,24.814303770569303,0.018706786
-71.94776725565328,-19.220600106529343,2.8124505223258693,0.005624643
-72.92715343477151,-24.646172522662507,6.798387452119711,0.01670359
-71.6090127227117,-14.889427613738636,5.511152458351626,0.0053053643
-73.49259565194747,-14.698464785175386,9.961454900137332,0.0058757435
-67.61777278935745,-26.342998940905645,16.586956503055433,0.05532391
-75.96104516616055,-17.038516906525995,3.6862108900586383,0.0018803728
-79.51177464594222,-11.02006785539843,8.95031955091995,0.87506205
-71.18105929261289,-7.729619989036028,4.361438265697788,0.0036551843
-68.97203358232757,-32.969282492808546,10.66826358576349,0.049700398
